genus	n_cohorts	cohorts	pooled_hedges_g	SE	ci_lo_95	ci_hi_95	tau2	I2	Q	Q_p	z_stat	p_raw	direction_consistent	direction	q_value	fdr_sig
Wujia	4	cohort1,cohort2,cohort3,cohort4	0.32898	0.121906	0.090045	0.567916	0.0	0.0	2.6961	0.4409	2.6986	0.006962	False	R+	0.87025	False
Dialister	4	cohort1,cohort2,cohort3,cohort4	-0.26207	0.121461	-0.500133	-0.024007	0.0	0.0	1.4857	0.6856	-2.1577	0.030955	False	NR+	0.956766	False
Phascolarctobacterium	4	cohort1,cohort2,cohort3,cohort4	0.26152	0.121463	0.023452	0.499588	0.0	0.0	1.4853	0.6857	2.1531	0.031312	False	R+	0.956766	False
Ligilactobacillus	4	cohort1,cohort2,cohort3,cohort4	0.251542	0.121491	0.01342	0.489663	0.0	0.0	1.8482	0.6045	2.0705	0.038409	True	R+	0.956766	False
Pseudomonas	4	cohort1,cohort2,cohort3,cohort4	0.215974	0.121341	-0.021854	0.453802	0.0	0.0	1.8244	0.6096	1.7799	0.075093	False	R+	0.956766	False
Sutterella	4	cohort1,cohort2,cohort3,cohort4	-0.214063	0.121347	-0.451904	0.023777	0.0	0.0	1.917	0.5898	-1.7641	0.077723	False	NR+	0.956766	False
Aurodevirus	2	cohort1,cohort3	-0.447665	0.260368	-0.957988	0.062657	0.028003	20.6	1.2601	0.2616	-1.7194	0.08555	True	NR+	0.956766	False
Dorea	4	cohort1,cohort2,cohort3,cohort4	0.197023	0.121238	-0.040604	0.434649	0.0	0.0	1.3211	0.7241	1.6251	0.104143	True	R+	0.956766	False
Methanobrevibacter	4	cohort1,cohort2,cohort3,cohort4	0.194061	0.121198	-0.043487	0.431609	0.0	0.0	1.1031	0.7763	1.6012	0.109334	False	R+	0.956766	False
Anaerobutyricum	4	cohort1,cohort2,cohort3,cohort4	0.178424	0.121051	-0.058836	0.415685	0.0	0.0	0.1853	0.9799	1.474	0.140493	True	R+	0.956766	False
Butyrivibrio	4	cohort1,cohort2,cohort3,cohort4	0.169456	0.12132	-0.068332	0.407243	0.0	0.0	2.7238	0.4362	1.3968	0.162485	False	R+	0.956766	False
Desulfovibrio	4	cohort1,cohort2,cohort3,cohort4	0.166524	0.121114	-0.07086	0.403908	0.0	0.0	0.9765	0.8069	1.3749	0.169152	True	R+	0.956766	False
Enterococcus	4	cohort1,cohort2,cohort3,cohort4	0.189908	0.141848	-0.088114	0.467931	0.014917	16.9	3.61	0.3068	1.3388	0.180632	False	R+	0.956766	False
Romboutsia	4	cohort1,cohort2,cohort3,cohort4	0.15782	0.12118	-0.079692	0.395332	0.0	0.0	1.8974	0.594	1.3024	0.192792	False	R+	0.956766	False
Hungatella	4	cohort1,cohort2,cohort3,cohort4	-0.156494	0.121218	-0.394082	0.081094	0.0	0.0	2.224	0.5272	-1.291	0.196701	False	NR+	0.956766	False
Birpovirus	3	cohort1,cohort2,cohort3	0.2393	0.186775	-0.126779	0.605378	0.0	0.0	0.9117	0.6339	1.2812	0.200116	False	R+	0.956766	False
Odoribacter	4	cohort1,cohort2,cohort3,cohort4	0.153707	0.121143	-0.083733	0.391147	0.0	0.0	1.5499	0.6708	1.2688	0.20451	False	R+	0.956766	False
Massilistercora	4	cohort1,cohort2,cohort3,cohort4	0.153822	0.121289	-0.083905	0.391549	0.0	0.0	2.8607	0.4136	1.2682	0.204719	False	R+	0.956766	False
Rothia	4	cohort1,cohort2,cohort3,cohort4	0.153098	0.121183	-0.08442	0.390616	0.0	0.0	1.927	0.5877	1.2634	0.206459	False	R+	0.956766	False
Wansuia	4	cohort1,cohort2,cohort3,cohort4	0.148231	0.121207	-0.089334	0.385796	0.0	0.0	2.2287	0.5263	1.223	0.221346	False	R+	0.956766	False
Brigitvirus	3	cohort1,cohort3,cohort4	-0.15331	0.130657	-0.409398	0.102777	0.0	0.0	0.21	0.9003	-1.1734	0.240644	True	NR+	0.956766	False
Ruminococcus	4	cohort1,cohort2,cohort3,cohort4	0.142112	0.121147	-0.095337	0.379561	0.0	0.0	1.777	0.62	1.1731	0.240775	False	R+	0.956766	False
Kingevirus	2	cohort2,cohort4	-0.166346	0.142689	-0.446016	0.113323	0.0	0.0	0.1071	0.7434	-1.1658	0.243695	True	NR+	0.956766	False
Turicimonas	2	cohort2,cohort3	0.317129	0.280209	-0.23208	0.866338	0.051456	32.8	1.4873	0.2226	1.1318	0.257736	True	R+	0.956766	False
Bifidobacterium	4	cohort1,cohort2,cohort3,cohort4	0.135912	0.12119	-0.10162	0.373444	0.0	0.0	2.3365	0.5056	1.1215	0.262082	False	R+	0.956766	False
Gordonibacter	4	cohort1,cohort2,cohort3,cohort4	0.135142	0.120964	-0.101948	0.372231	0.0	0.0	0.2757	0.9645	1.1172	0.263906	True	R+	0.956766	False
Catenibacterium	4	cohort1,cohort2,cohort3,cohort4	-0.134832	0.121044	-0.372079	0.102415	0.0	0.0	0.9795	0.8062	-1.1139	0.265319	True	NR+	0.956766	False
Butyricimonas	4	cohort1,cohort2,cohort3,cohort4	0.133833	0.121233	-0.103783	0.371449	0.0	0.0	2.6472	0.4493	1.1039	0.269621	False	R+	0.956766	False
Maliibacterium	3	cohort1,cohort2,cohort3	0.203754	0.18638	-0.16155	0.569059	0.0	0.0	0.4374	0.8036	1.0932	0.274296	True	R+	0.956766	False
Prevotella	4	cohort1,cohort2,cohort3,cohort4	0.129266	0.121001	-0.107896	0.366429	0.0	0.0	0.7676	0.8572	1.0683	0.285382	False	R+	0.956766	False
Haemophilus	4	cohort1,cohort2,cohort3,cohort4	-0.122345	0.121177	-0.359851	0.115161	0.0	0.0	2.4328	0.4876	-1.0096	0.312666	False	NR+	0.956766	False
Bacillus	2	cohort2,cohort4	-0.139137	0.14271	-0.418849	0.140574	0.0	0.0	0.6004	0.4384	-0.975	0.329578	True	NR+	0.956766	False
Novisyntrophococcus	3	cohort1,cohort2,cohort4	0.126708	0.130601	-0.129271	0.382686	0.0	0.0	1.2932	0.5238	0.9702	0.331953	True	R+	0.956766	False
Christensenella	4	cohort1,cohort2,cohort3,cohort4	0.156274	0.16552	-0.168146	0.480694	0.038355	34.3	4.5686	0.2063	0.9441	0.345099	False	R+	0.956766	False
Caproicibacterium	2	cohort1,cohort4	-0.184348	0.20119	-0.57868	0.209983	0.031789	32.4	1.4794	0.2239	-0.9163	0.359514	True	NR+	0.956766	False
Carjivirus	4	cohort1,cohort2,cohort3,cohort4	-0.110543	0.12103	-0.347761	0.126675	0.0	0.0	1.2882	0.7319	-0.9134	0.361057	False	NR+	0.956766	False
Escherichia	4	cohort1,cohort2,cohort3,cohort4	0.109888	0.121096	-0.127459	0.347236	0.0	0.0	1.8882	0.5959	0.9074	0.36417	False	R+	0.956766	False
Streptococcus	4	cohort1,cohort2,cohort3,cohort4	0.154293	0.171571	-0.181986	0.490573	0.045282	38.1	4.8476	0.1833	0.8993	0.368495	False	R+	0.956766	False
Afonbuvirus	3	cohort1,cohort2,cohort3	0.268522	0.300626	-0.320706	0.857749	0.164302	60.6	5.0761	0.079	0.8932	0.371746	False	R+	0.956766	False
Streptomyces	4	cohort1,cohort2,cohort3,cohort4	0.130297	0.146453	-0.156751	0.417344	0.019291	21.0	3.7993	0.284	0.8897	0.373636	False	R+	0.956766	False
Lactococcus	3	cohort1,cohort3,cohort4	0.115265	0.130608	-0.140726	0.371256	0.0	0.0	0.4759	0.7882	0.8825	0.377491	False	R+	0.956766	False
Lachnospira	4	cohort1,cohort2,cohort3,cohort4	0.106362	0.121197	-0.131185	0.343908	0.0	0.0	2.8035	0.4229	0.8776	0.380166	False	R+	0.956766	False
Subdoligranulum	4	cohort1,cohort2,cohort3,cohort4	0.104969	0.120959	-0.132111	0.342048	0.0	0.0	0.7086	0.8712	0.8678	0.385501	True	R+	0.956766	False
Lacticaseibacillus	4	cohort1,cohort2,cohort3,cohort4	0.150858	0.174507	-0.191175	0.492891	0.049022	40.1	5.0075	0.1712	0.8645	0.387322	False	R+	0.956766	False
Selenomonas	2	cohort2,cohort4	0.122934	0.142615	-0.156592	0.40246	0.0	0.0	0.2996	0.5841	0.862	0.388689	True	R+	0.956766	False
Oscillibacter	4	cohort1,cohort2,cohort3,cohort4	-0.103391	0.121194	-0.340931	0.134148	0.0	0.0	2.8608	0.4136	-0.8531	0.393598	False	NR+	0.956766	False
Simiaoa	4	cohort1,cohort2,cohort3,cohort4	0.102406	0.120962	-0.13468	0.339493	0.0	0.0	0.8246	0.8436	0.8466	0.397219	False	R+	0.956766	False
Anaerocolumna	2	cohort2,cohort4	-0.118765	0.142567	-0.398197	0.160666	0.0	0.0	0.0956	0.7572	-0.833	0.404818	True	NR+	0.956766	False
Barnesiella	4	cohort1,cohort2,cohort3,cohort4	-0.098668	0.121161	-0.336144	0.138809	0.0	0.0	2.5876	0.4597	-0.8143	0.415445	False	NR+	0.956766	False
Leuconostoc	2	cohort3,cohort4	0.116036	0.142757	-0.163768	0.395839	0.0	0.0	0.0566	0.8119	0.8128	0.416322	True	R+	0.956766	False
Raoultibacter	3	cohort1,cohort2,cohort4	0.105143	0.130447	-0.150532	0.360819	0.0	0.0	0.5187	0.7715	0.806	0.420229	True	R+	0.956766	False
Eubacterium	4	cohort1,cohort2,cohort3,cohort4	0.095812	0.120994	-0.141335	0.33296	0.0	0.0	1.1623	0.7621	0.7919	0.428432	False	R+	0.956766	False
Bacteroides	4	cohort1,cohort2,cohort3,cohort4	-0.092776	0.120959	-0.329855	0.144304	0.0	0.0	0.8813	0.8299	-0.767	0.443081	False	NR+	0.956766	False
Blohavirus	3	cohort1,cohort2,cohort3	0.142159	0.186443	-0.223269	0.507587	0.0	0.0	1.1885	0.552	0.7625	0.445773	False	R+	0.956766	False
Sellimonas	4	cohort1,cohort2,cohort3,cohort4	0.091684	0.121154	-0.145778	0.329146	0.0	0.0	2.6125	0.4553	0.7568	0.449195	False	R+	0.956766	False
Junduvirus	4	cohort1,cohort2,cohort3,cohort4	0.108345	0.144605	-0.17508	0.391771	0.017418	19.2	3.7146	0.294	0.7493	0.453705	False	R+	0.956766	False
Solibaculum	4	cohort1,cohort2,cohort3,cohort4	0.088638	0.121041	-0.148603	0.325879	0.0	0.0	1.6523	0.6476	0.7323	0.463989	False	R+	0.956766	False
Thomasclavelia	4	cohort1,cohort2,cohort3,cohort4	-0.107457	0.147597	-0.396746	0.181833	0.020171	21.7	3.8294	0.2805	-0.728	0.466586	False	NR+	0.956766	False
Pusillibacter	4	cohort1,cohort2,cohort3,cohort4	0.086931	0.121111	-0.150447	0.324308	0.0	0.0	2.3806	0.4973	0.7178	0.472895	False	R+	0.956766	False
Enterocloster	4	cohort1,cohort2,cohort3,cohort4	0.086588	0.120892	-0.15036	0.323537	0.0	0.0	0.3816	0.944	0.7162	0.47384	False	R+	0.956766	False
Faecalitalea	4	cohort1,cohort2,cohort3,cohort4	0.101095	0.142423	-0.178055	0.380244	0.015541	17.5	3.6379	0.3033	0.7098	0.477817	False	R+	0.956766	False
Oxalobacter	4	cohort1,cohort2,cohort3,cohort4	0.151017	0.214486	-0.269374	0.571409	0.106076	59.0	7.3242	0.0623	0.7041	0.481376	False	R+	0.956766	False
Propionibacterium	2	cohort1,cohort4	-0.09471	0.142729	-0.374458	0.185039	0.0	0.0	0.1157	0.7337	-0.6636	0.506969	True	NR+	0.956766	False
Eggerthella	4	cohort1,cohort2,cohort3,cohort4	0.08393	0.128361	-0.167658	0.335518	0.004672	6.0	3.1921	0.3629	0.6539	0.513205	False	R+	0.956766	False
Akkermansia	4	cohort1,cohort2,cohort3,cohort4	0.096552	0.152654	-0.20265	0.395753	0.024917	25.4	4.0216	0.2591	0.6325	0.527067	False	R+	0.956766	False
Corynebacterium	3	cohort1,cohort2,cohort4	0.082067	0.130338	-0.173396	0.337531	0.0	0.0	0.0368	0.9818	0.6296	0.528925	True	R+	0.956766	False
Enterobacter	4	cohort1,cohort2,cohort3,cohort4	-0.075604	0.120982	-0.312729	0.161521	0.0	0.0	1.3406	0.7195	-0.6249	0.532023	False	NR+	0.956766	False
Anaerostipes	4	cohort1,cohort2,cohort3,cohort4	0.123914	0.200149	-0.268377	0.516205	0.083475	53.1	6.3917	0.094	0.6191	0.535844	False	R+	0.956766	False
Dysosmobacter	4	cohort1,cohort2,cohort3,cohort4	0.073988	0.121101	-0.16337	0.311345	0.0	0.0	2.336	0.5057	0.611	0.541227	False	R+	0.956766	False
Adlercreutzia	4	cohort1,cohort2,cohort3,cohort4	-0.118741	0.196252	-0.503394	0.265912	0.077884	51.4	6.172	0.1035	-0.605	0.54515	False	NR+	0.956766	False
Clostridioides	4	cohort1,cohort2,cohort3,cohort4	0.071876	0.121018	-0.165319	0.309072	0.0	0.0	1.6596	0.646	0.5939	0.552559	False	R+	0.956766	False
Campylobacter	4	cohort1,cohort2,cohort3,cohort4	0.094625	0.160715	-0.220376	0.409625	0.033161	31.2	4.3584	0.2253	0.5888	0.556012	False	R+	0.956766	False
Faecalibacterium	4	cohort1,cohort2,cohort3,cohort4	0.070559	0.121127	-0.16685	0.307969	0.0	0.0	2.6034	0.4569	0.5825	0.560216	False	R+	0.956766	False
Flavonifractor	4	cohort1,cohort2,cohort3,cohort4	0.067868	0.120963	-0.16922	0.304956	0.0	0.0	1.2226	0.7476	0.5611	0.574753	False	R+	0.956766	False
Blautia	4	cohort1,cohort2,cohort3,cohort4	0.066519	0.121016	-0.170671	0.30371	0.0	0.0	1.6602	0.6458	0.5497	0.582542	False	R+	0.956766	False
Lacrimispora	4	cohort1,cohort2,cohort3,cohort4	0.065291	0.120953	-0.171778	0.302359	0.0	0.0	1.1152	0.7734	0.5398	0.589335	False	R+	0.956766	False
Ruthenibacterium	4	cohort1,cohort2,cohort3,cohort4	0.065326	0.121029	-0.171892	0.302544	0.0	0.0	1.7841	0.6184	0.5398	0.589368	False	R+	0.956766	False
Marvinbryantia	4	cohort1,cohort2,cohort3,cohort4	-0.063351	0.121024	-0.300558	0.173856	0.0	0.0	1.76	0.6237	-0.5235	0.600656	False	NR+	0.961448	False
Qiania	4	cohort1,cohort2,cohort3,cohort4	0.06113	0.120856	-0.175747	0.298007	0.0	0.0	0.3282	0.9546	0.5058	0.612992	False	R+	0.961448	False
Longicatena	4	cohort1,cohort2,cohort3,cohort4	0.078293	0.158607	-0.232577	0.389162	0.031093	29.9	4.2788	0.2329	0.4936	0.62157	False	R+	0.961448	False
Phocaeicola	4	cohort1,cohort2,cohort3,cohort4	0.066166	0.134599	-0.197648	0.32998	0.009231	11.2	3.3797	0.3367	0.4916	0.623018	False	R+	0.961448	False
Porphyromonas	4	cohort1,cohort2,cohort3,cohort4	0.091317	0.196907	-0.294621	0.477254	0.079122	51.9	6.2347	0.1007	0.4638	0.642823	False	R+	0.963479	False
Mogibacterium	2	cohort1,cohort4	-0.135619	0.294932	-0.713686	0.442448	0.116799	63.8	2.7598	0.0967	-0.4598	0.645638	False	NR+	0.963479	False
Lactobacillus	3	cohort1,cohort2,cohort4	0.111376	0.243554	-0.36599	0.588743	0.107456	60.4	5.0496	0.0801	0.4573	0.647458	False	R+	0.963479	False
Coprobacter	4	cohort1,cohort2,cohort3,cohort4	-0.052269	0.120815	-0.289067	0.184529	0.0	0.0	0.03	0.9986	-0.4326	0.665279	True	NR+	0.970717	False
Citrobacter	4	cohort1,cohort2,cohort3,cohort4	0.051885	0.120917	-0.185112	0.288882	0.0	0.0	0.9662	0.8094	0.4291	0.667853	False	R+	0.970717	False
Gemella	3	cohort1,cohort2,cohort4	-0.08708	0.218266	-0.51488	0.340721	0.075115	51.8	4.1453	0.1259	-0.399	0.689921	False	NR+	0.989082	False
Roseburia	4	cohort1,cohort2,cohort3,cohort4	0.066136	0.170442	-0.267929	0.400202	0.044112	37.6	4.8056	0.1866	0.388	0.697994	False	R+	0.989082	False
Alistipes	4	cohort1,cohort2,cohort3,cohort4	0.048587	0.133224	-0.212533	0.309706	0.008209	10.1	3.3381	0.3424	0.3647	0.715336	False	R+	0.989082	False
Muribaculum	3	cohort2,cohort3,cohort4	-0.063564	0.182111	-0.420501	0.293374	0.036881	34.7	3.0604	0.2165	-0.349	0.727061	False	NR+	0.989082	False
Shigella	3	cohort2,cohort3,cohort4	0.046168	0.137419	-0.223174	0.31551	0.003685	5.0	2.1064	0.3488	0.336	0.736899	False	R+	0.989082	False
Amedibacterium	3	cohort1,cohort3,cohort4	-0.043771	0.130518	-0.299587	0.212045	0.0	0.0	0.4833	0.7853	-0.3354	0.73735	False	NR+	0.989082	False
Veillonella	4	cohort1,cohort2,cohort3,cohort4	-0.052986	0.167192	-0.380682	0.274711	0.040484	35.7	4.6628	0.1982	-0.3169	0.751309	False	NR+	0.989082	False
Faecalibacillus	4	cohort1,cohort2,cohort3,cohort4	-0.06174	0.194902	-0.443748	0.320269	0.075963	50.8	6.0946	0.1071	-0.3168	0.751416	False	NR+	0.989082	False
Flintibacter	4	cohort1,cohort2,cohort3,cohort4	0.034027	0.124284	-0.20957	0.277624	0.001975	2.6	3.0813	0.3793	0.2738	0.78425	False	R+	0.989082	False
Turicibacter	4	cohort1,cohort2,cohort3,cohort4	0.054804	0.206104	-0.349159	0.458767	0.092551	55.6	6.7627	0.0799	0.2659	0.790313	False	R+	0.989082	False
Actinomyces	4	cohort1,cohort2,cohort3,cohort4	-0.057653	0.222864	-0.494465	0.37916	0.119503	61.7	7.8383	0.0495	-0.2587	0.795875	False	NR+	0.989082	False
Limosilactobacillus	4	cohort1,cohort2,cohort3,cohort4	0.051391	0.203832	-0.348119	0.450901	0.089367	54.9	6.6477	0.084	0.2521	0.800943	False	R+	0.989082	False
Salmonella	3	cohort2,cohort3,cohort4	0.060381	0.25149	-0.432539	0.553301	0.118748	62.8	5.3773	0.068	0.2401	0.810259	False	R+	0.989082	False
Monoglobus	4	cohort1,cohort2,cohort3,cohort4	0.028031	0.120968	-0.209066	0.265128	0.0	0.0	1.4953	0.6834	0.2317	0.816753	False	R+	0.989082	False
Cloacibacillus	3	cohort1,cohort2,cohort3	0.053114	0.232541	-0.402667	0.508894	0.057268	35.3	3.0912	0.2132	0.2284	0.819331	False	R+	0.989082	False
Intestinimonas	4	cohort1,cohort2,cohort3,cohort4	0.026989	0.120812	-0.209803	0.263781	0.0	0.0	0.1311	0.9879	0.2234	0.823227	False	R+	0.989082	False
Sodaliphilus	2	cohort2,cohort3	-0.098997	0.445683	-0.972536	0.774541	0.291261	73.3	3.7474	0.0529	-0.2221	0.824217	False	NR+	0.989082	False
Emergencia	3	cohort1,cohort2,cohort3	-0.064856	0.297693	-0.648336	0.518623	0.159931	60.2	5.0197	0.0813	-0.2179	0.827536	False	NR+	0.989082	False
Mediterraneibacter	4	cohort1,cohort2,cohort3,cohort4	0.020899	0.120907	-0.216079	0.257876	0.0	0.0	0.9888	0.804	0.1729	0.862769	False	R+	0.989082	False
Duncaniella	3	cohort1,cohort2,cohort3	0.031761	0.186047	-0.332891	0.396413	0.0	0.0	0.8032	0.6692	0.1707	0.864449	False	R+	0.989082	False
Coprococcus	4	cohort1,cohort2,cohort3,cohort4	0.025392	0.159509	-0.287247	0.33803	0.032054	30.5	4.3188	0.229	0.1592	0.873523	False	R+	0.989082	False
Paraprevotella	4	cohort1,cohort2,cohort3,cohort4	-0.028722	0.18291	-0.387226	0.329781	0.059655	44.8	5.4392	0.1423	-0.157	0.875222	False	NR+	0.989082	False
Lachnoclostridium	4	cohort1,cohort2,cohort3,cohort4	0.018935	0.120977	-0.218179	0.256049	0.0	0.0	1.6181	0.6553	0.1565	0.875626	False	R+	0.989082	False
Parabacteroides	4	cohort1,cohort2,cohort3,cohort4	-0.017735	0.121096	-0.255084	0.219614	0.0	0.0	2.6724	0.4449	-0.1465	0.883561	False	NR+	0.989082	False
Cohcovirus	4	cohort1,cohort2,cohort3,cohort4	0.016863	0.121086	-0.220466	0.254193	0.0	0.0	2.5676	0.4632	0.1393	0.889239	False	R+	0.989082	False
Hoylesella	2	cohort1,cohort2	0.030396	0.227643	-0.415786	0.476577	0.0	0.0	0.6128	0.4337	0.1335	0.89378	False	R+	0.989082	False
Staphylococcus	2	cohort1,cohort2	0.029113	0.227292	-0.41638	0.474605	0.0	0.0	0.1502	0.6984	0.1281	0.898081	False	R+	0.989082	False
Klebsiella	4	cohort1,cohort2,cohort3,cohort4	0.023794	0.205211	-0.378419	0.426007	0.091574	55.5	6.7424	0.0806	0.1159	0.907693	False	R+	0.989082	False
Paenibacillus	4	cohort1,cohort2,cohort3,cohort4	0.0125	0.120871	-0.224406	0.249407	0.0	0.0	0.684	0.877	0.1034	0.917632	False	R+	0.989082	False
Schaalia	4	cohort1,cohort2,cohort3,cohort4	0.015267	0.148642	-0.276072	0.306606	0.021155	22.5	3.8692	0.2759	0.1027	0.918194	False	R+	0.989082	False
Vescimonas	4	cohort1,cohort2,cohort3,cohort4	0.013738	0.14747	-0.275303	0.302778	0.020071	21.6	3.8246	0.281	0.0932	0.925781	False	R+	0.989082	False
Collinsella	4	cohort1,cohort2,cohort3,cohort4	0.015285	0.189283	-0.355709	0.38628	0.068249	48.2	5.7898	0.1223	0.0808	0.935638	False	R+	0.991142	False
Anaerotruncus	4	cohort1,cohort2,cohort3,cohort4	0.008543	0.12092	-0.228461	0.245547	0.0	0.0	1.1246	0.7711	0.0706	0.943677	False	R+	0.991257	False
Clostridium	4	cohort1,cohort2,cohort3,cohort4	-0.00985	0.171668	-0.34632	0.32662	0.045845	38.6	4.8865	0.1803	-0.0574	0.954242	False	NR+	0.991437	False
Pseudobutyrivibrio	4	cohort1,cohort2,cohort3,cohort4	0.007983	0.164545	-0.314524	0.330491	0.03757	34.0	4.546	0.2082	0.0485	0.961304	False	R+	0.991437	False
Acutalibacter	3	cohort1,cohort3,cohort4	-0.004617	0.130532	-0.260459	0.251225	0.0	0.0	0.6728	0.7143	-0.0354	0.971782	False	NR+	0.991437	False
Acidaminococcus	4	cohort1,cohort2,cohort3,cohort4	0.004432	0.154004	-0.297416	0.306279	0.026303	26.5	4.0797	0.253	0.0288	0.977043	False	R+	0.991437	False
Fusobacterium	3	cohort1,cohort2,cohort3	0.002792	0.25323	-0.493538	0.499122	0.087187	45.3	3.6577	0.1606	0.011	0.991204	False	R+	0.991437	False
Treponema	2	cohort1,cohort4	-0.001533	0.142802	-0.281425	0.27836	0.0	0.0	0.9443	0.3312	-0.0107	0.991437	False	NR+	0.991437	False
