split_type	train_set	test_set	model	AUC	permutation_p
LOCO	1+2	3	ElasticNet_LogReg	0.3667	0.921
LOCO	1+2	3	RandomForest	0.3319	0.953
LOCO	1+3	2	ElasticNet_LogReg	0.4107	0.825
LOCO	1+3	2	RandomForest	0.392	0.867
LOCO	2+3	1	ElasticNet_LogReg	0.3083	0.982
LOCO	2+3	1	RandomForest	0.2875	0.984
S2S	1	2	ElasticNet_LogReg	0.4	0.842
S2S	1	2	RandomForest	0.3373	0.944
S2S	2	1	ElasticNet_LogReg	0.55	0.338
S2S	2	1	RandomForest	0.3722	0.911
S2S	1	3	ElasticNet_LogReg	0.3944	0.841
S2S	1	3	RandomForest	0.2986	0.984
S2S	3	1	ElasticNet_LogReg	0.375	0.898
S2S	3	1	RandomForest	0.3625	0.925
S2S	2	3	ElasticNet_LogReg	0.425	0.783
S2S	2	3	RandomForest	0.5014	0.477
S2S	3	2	ElasticNet_LogReg	0.3253	0.968
S2S	3	2	RandomForest	0.4413	0.757
