dataset	zero_method	n	factor	groups	R2	E0	delta_R2	p_value
genus_n39	pseudocount_0.5	39	response	2	0.020563	0.026316	-0.005753	0.769
genus_n39	pseudocount_1.0	39	response	2	0.0202	0.026316	-0.006116	0.769
genus_n39	multiplicative_replacement	39	response	2	0.024448	0.026316	-0.001868	0.583
genus_n79	pseudocount_0.5	79	response	2	0.010054	0.012821	-0.002766	0.744
genus_n79	pseudocount_0.5	79	cohort	2	0.101544	0.012821	0.088723	0.001
genus_n79	pseudocount_1.0	79	response	2	0.009972	0.012821	-0.002849	0.714
genus_n79	pseudocount_1.0	79	cohort	2	0.098422	0.012821	0.085602	0.001
genus_n79	multiplicative_replacement	79	response	2	0.010285	0.012821	-0.002536	0.78
genus_n79	multiplicative_replacement	79	cohort	2	0.099389	0.012821	0.086569	0.001
genus_n118	pseudocount_0.5	118	response	2	0.008359	0.008547	-0.000188	0.455
genus_n118	pseudocount_0.5	118	cohort	3	0.124324	0.017094	0.10723	0.001
genus_n118	pseudocount_1.0	118	response	2	0.009571	0.008547	0.001024	0.287
genus_n118	pseudocount_1.0	118	cohort	3	0.134682	0.017094	0.117588	0.001
genus_n118	multiplicative_replacement	118	response	2	0.007011	0.008547	-0.001536	0.776
genus_n118	multiplicative_replacement	118	cohort	3	0.094254	0.017094	0.07716	0.001
genus_n283	pseudocount_0.5	283	response	2	0.002721	0.003546	-0.000825	0.695
genus_n283	pseudocount_0.5	283	cohort	4	0.181601	0.010638	0.170963	0.001
genus_n283	pseudocount_1.0	283	response	2	0.002663	0.003546	-0.000883	0.69
genus_n283	pseudocount_1.0	283	cohort	4	0.195026	0.010638	0.184388	0.001
genus_n283	multiplicative_replacement	283	response	2	0.003844	0.003546	0.000298	0.313
genus_n283	multiplicative_replacement	283	cohort	4	0.117629	0.010638	0.10699	0.001
