en	rf	xgb
0.4909379652605459	0.4804069478908189	0.4932208436724566
0.5048436724565757	0.5076724565756824	0.5097766749379653
0.5011414392059553	0.4670173697270471	0.45084863523573204
0.49744913151364767	0.4705210918114144	0.49233746898263026
0.5095285359801489	0.5227196029776675	0.5597915632754342
0.40439702233250624	0.4265707196029777	0.4606650124069479
0.504377171215881	0.5228982630272953	0.5471761786600495
0.5410818858560795	0.5001191066997518	0.500059553349876
0.5307196029776675	0.5140645161290323	0.49874937965260546
0.4593349875930522	0.5499156327543424	0.518789081885856
0.5300248138957816	0.4869280397022333	0.4868188585607941
0.4941141439205955	0.5632258064516129	0.5729032258064516
0.6028287841191067	0.4970421836228288	0.5200794044665012
0.5415285359801489	0.4436129032258064	0.49140446650124076
0.5007940446650123	0.49510669975186106	0.5614590570719604
0.5264218362282879	0.5111166253101738	0.4940248138957816
0.5153746898263026	0.558272952853598	0.5824317617866005
0.50624317617866	0.5460645161290323	0.5364665012406948
0.40495285359801486	0.49923573200992555	0.5052903225806452
0.4824119106699752	0.5437915632754342	0.48965756823821344
0.5138759305210918	0.49088833746898264	0.47593052109181133
0.47270471464019853	0.4928436724565756	0.4935483870967742
0.47013399503722086	0.5153846153846153	0.5262034739454095
0.49127543424317627	0.5836724565756823	0.556317617866005
0.49528535980148886	0.40928039702233254	0.41688337468982634
0.44746401985111667	0.479712158808933	0.45584119106699755
0.46710669975186114	0.48767245657568237	0.5098560794044664
0.5217468982630272	0.5174590570719604	0.521468982630273
0.542848635235732	0.47074937965260555	0.4784317617866005
0.54975682382134	0.5395533498759305	0.5320694789081886
0.4338560794044666	0.5004565756823821	0.48481885856079404
0.48744416873449126	0.4231960297766749	0.4409627791563276
0.4465707196029777	0.4687047146401985	0.46012903225806456
0.4669181141439206	0.49132506203473947	0.47710173697270475
0.5410818858560794	0.4748387096774193	0.5175880893300249
0.4394441687344913	0.4787890818858561	0.4881488833746898
0.5415980148883375	0.5232952853598014	0.5191662531017369
0.48569727047146405	0.45675434243176183	0.4307096774193549
0.4817468982630273	0.4924764267990075	0.4419156327543424
0.4723275434243176	0.5595732009925559	0.5114739454094293
0.5138660049627791	0.4966749379652605	0.5195334987593052
0.44892307692307687	0.45212903225806456	0.48470471464019854
0.602620347394541	0.5490421836228287	0.5308585607940447
0.520029776674938	0.574818858560794	0.5712158808933003
0.5233151364764268	0.5243672456575682	0.5501141439205955
0.5090719602977667	0.4346699751861043	0.4576277915632755
0.5397816377171216	0.4806451612903226	0.4939553349875931
0.5618362282878413	0.5087245657568238	0.48394044665012403
0.5075831265508685	0.47392555831265515	0.5055583126550868
0.5214590570719604	0.4299354838709678	0.48593548387096774
0.5600198511166253	0.620406947890819	0.5767344913151364
0.5458362282878413	0.48543920595533496	0.5214789081885856
0.406044665012407	0.4142828784119107	0.46269975186104223
0.4675930521091812	0.516258064516129	0.4667890818858561
0.5051712158808932	0.5244367245657567	0.5053101736972705
0.5183821339950372	0.4287841191066997	0.44457568238213396
0.460029776674938	0.45932506203473944	0.5094590570719604
0.5432059553349877	0.5115831265508686	0.5061538461538462
0.5377171215880894	0.5807047146401986	0.5403870967741936
0.48074441687344915	0.4849727047146402	0.5019255583126551
0.5533399503722084	0.50287841191067	0.4331017369727047
0.506531017369727	0.48674937965260556	0.5070570719602978
0.5469280397022332	0.5038709677419355	0.5254590570719603
0.5300347394540943	0.5234937965260547	0.5410024813895782
0.4351563275434243	0.43210918114143926	0.48204466501240706
0.47421339950372204	0.49021339950372206	0.4565856079404466
0.4982034739454094	0.45876923076923076	0.4461836228287842
0.4765657568238213	0.5551861042183623	0.5112655086848635
0.5384516129032257	0.4916129032258064	0.4783225806451613
0.5292903225806451	0.5273449131513648	0.4826600496277916
0.4621439205955335	0.4869677419354839	0.4483374689826303
0.48242183622828777	0.5333498759305211	0.5793846153846154
0.5322977667493797	0.5350967741935484	0.519394540942928
0.5370521091811414	0.514074441687345	0.49801488833746904
0.4849627791563275	0.4986699751861042	0.516
0.45707196029776676	0.4861439205955335	0.5267394540942928
0.5201885856079403	0.5077419354838709	0.532893300248139
0.5411414392059554	0.548287841191067	0.5135086848635235
0.5639801488833747	0.5403970223325061	0.47957320099255585
0.5084267990074441	0.4807940446650124	0.5286848635235731
0.45093796526054597	0.4776079404466501	0.47939454094292805
0.4754640198511166	0.4805260545905707	0.5057766749379653
0.4930620347394541	0.5258461538461539	0.49076923076923074
0.5022034739454095	0.4396724565756823	0.4423424317617866
0.469181141439206	0.46727543424317614	0.4776575682382134
0.5425707196029776	0.5771315136476427	0.5701538461538461
0.4922084367245657	0.5711861042183622	0.5314937965260546
0.5377667493796526	0.5537468982630275	0.5502828784119107
0.5591563275434244	0.5253895781637719	0.5246947890818859
0.4278014888337469	0.5285260545905708	0.5043573200992556
0.5608138957816377	0.5368138957816377	0.586272952853598
0.5021637717121588	0.40161786600496274	0.37137468982630273
0.5680198511166253	0.5959007444168735	0.6045756823821341
0.5471364764267991	0.508575682382134	0.48736476426799
0.46887344913151363	0.5058263027295284	0.5630074441687345
0.45686352357320104	0.44710669975186096	0.5243473945409429
0.42153846153846153	0.4364367245657569	0.484833746898263
0.5312258064516129	0.5289131513647642	0.48577667493796534
0.5006153846153846	0.5510669975186104	0.5194044665012407
0.4527940446650124	0.5378263027295286	0.5391464019851118
