n	target_delta_R2	E0	target_R2	calibrated_delta_sig	power
80	0.0025	0.012658	0.015158	0.91031	0.145
80	0.005	0.012658	0.017658	1.56281	0.585
80	0.0078	0.012658	0.020458	1.88973	0.855
80	0.01	0.012658	0.022658	2.0478	0.885
131	0.0025	0.007692	0.010192	1.0138	0.385
131	0.005	0.007692	0.012692	1.48469	0.875
131	0.0078	0.007692	0.015492	1.84411	0.995
131	0.01	0.007692	0.017692	2.00982	1.0
165	0.0025	0.006098	0.008598	1.02002	0.49
165	0.005	0.006098	0.011098	1.39585	0.935
165	0.0078	0.006098	0.013898	1.78346	0.995
165	0.01	0.006098	0.016098	1.99142	1.0
250	0.0025	0.004016	0.006516	1.09376	0.835
250	0.005	0.004016	0.009016	1.48805	1.0
250	0.0078	0.004016	0.011816	1.79248	1.0
250	0.01	0.004016	0.014016	2.01894	1.0
400	0.0025	0.002506	0.005006	1.00583	0.98
400	0.005	0.002506	0.007506	1.44616	1.0
400	0.0078	0.002506	0.010306	1.80675	1.0
400	0.01	0.002506	0.012506	2.0316	1.0
