genus	hedges_g_cohort1	se_cohort1	hedges_g_cohort2	se_cohort2	hedges_g_cohort3	se_cohort3	hedges_g_cohort4	se_cohort4
Acidaminococcus	-0.377228	0.325392	-0.046966	0.320155	0.537376	0.328419	-0.030964	0.159042
Actinomyces	-0.767135	0.334529	0.525452	0.325735	0.060392	0.3225	-0.06444	0.159072
Acutalibacter	-0.175241	0.323066			0.197653	0.323241	-0.012233	0.159034
Adlercreutzia	-0.205595	0.323308	0.258601	0.321481	-0.759538	0.334294	0.064228	0.159072
Afonbuvirus	0.545399	0.328598	0.5933	0.327264	-0.328511	0.324677		
Aggregatibacter			0.176164	0.320747				
Akkermansia	-0.165582	0.322997	0.672181	0.329265	-0.025019	0.322436	0.02898	0.15904
Alistipes	0.212916	0.323372	0.181694	0.320788	-0.492312	0.327463	0.116693	0.159164
Amedibacterium	-0.112528	0.322688			0.159449	0.322955	-0.076372	0.159089
Anaerobutyricum	0.056342	0.32249	0.234504	0.321238	0.208299	0.323331	0.187179	0.15937
Anaerococcus	-0.504725	0.327718						
Anaerocolumna			-0.207695	0.320995			-0.096912	0.159123
Anaerostipes	0.484384	0.327303	0.517694	0.325571	-0.48865	0.327389	0.041614	0.159049
Anaerotruncus	-0.242396	0.323652	0.219689	0.3211	-0.07048	0.322527	0.036554	0.159045
Arabiibacter							-0.024338	0.159038
Aurodevirus	-0.714239	0.332942			-0.193357	0.323206		
Bacillus			-0.363503	0.322814			-0.084637	0.159101
Bacteroides	-0.261394	0.323852	-0.27003	0.321605	0.057599	0.322493	-0.045327	0.159052
Barnesiella	0.323257	0.324606	-0.354308	0.32268	-0.267107	0.323915	-0.097241	0.159123
Berryella							0.084006	0.1591
Bifidobacterium	-0.228125	0.323512	-0.065161	0.320197	0.324172	0.324618	0.228887	0.159537
Birpovirus	0.405841	0.325856	-0.004676	0.32011	0.324922	0.324628		
Blautia	0.252613	0.323758	0.346431	0.322567	-0.144109	0.322858	0.004685	0.159033
Blohavirus	0.218895	0.323426	-0.132498	0.320471	0.347072	0.324938		
Bradyrhizobium							0.002691	0.159032
Brigitvirus	-0.100387	0.322634			-0.286387	0.324137	-0.134093	0.159206
Buchavirus			-0.010209	0.320112				
Butyricicoccus							-0.122344	0.159177
Butyricimonas	-0.082032	0.322564	0.537794	0.326	0.324996	0.324629	0.044272	0.159051
Butyrivibrio	0.282454	0.324091	0.519241	0.325604	-0.218218	0.32342	0.152491	0.159256
Campylobacter	0.20569	0.323309	0.502808	0.325264	-0.438255	0.326423	0.098718	0.159126
Canhaevirus	-0.110543	0.322679						
Caproicibacterium	-0.498395	0.327587					-0.055459	0.159062
Carjivirus	-0.361563	0.325151	0.081861	0.320248	0.064777	0.322511	-0.140642	0.159223
Catenibacterium	-0.316703	0.324518	-0.336601	0.32243	-0.057713	0.322493	-0.06079	0.159068
Christensenella	0.498212	0.327583	0.269984	0.321604	-0.430948	0.326292	0.214027	0.159473
Chryseobacterium			-0.539174	0.32603				
Citrobacter	-0.121619	0.322733	-0.126568	0.320439	0.016669	0.322429	0.146784	0.15924
Cloacibacillus	-0.179065	0.323094	-0.175101	0.320739	0.525088	0.32815		
Clostridioides	-0.112497	0.322688	0.363969	0.322821	-0.15247	0.32291	0.100222	0.159129
Clostridium	0.048829	0.322473	0.542926	0.326112	-0.119577	0.322723	-0.244646	0.159608
Cohcovirus	-0.135856	0.32281	0.4492	0.32423	-0.225863	0.32349	0.00858	0.159033
Collinsella	-0.651858	0.331208	0.342971	0.322518	0.065496	0.322513	0.160904	0.159282
Coprobacter	-0.034133	0.322448	-0.030181	0.320129	-0.02041	0.322432	-0.069893	0.159079
Coprococcus	-0.168389	0.323017	0.296111	0.321907	-0.46399	0.326904	0.1948	0.159398
Corynebacterium	0.061382	0.322502	0.034947	0.320135			0.098745	0.159126
Denitrobacterium							0.148263	0.159244
Desulfovibrio	0.036236	0.322451	0.441433	0.32409	0.207214	0.323322	0.122096	0.159176
Dialister	-0.183595	0.323129	0.05947	0.320183	-0.247759	0.323707	-0.365507	0.160316
Dorea	0.120489	0.322727	0.544268	0.326141	0.153397	0.322916	0.143491	0.159231
Duncaniella	-0.153628	0.322917	0.250177	0.321394	-0.003236	0.322423		
Duodenibacillus			0.194272	0.320885				
Dysosmobacter	-0.260333	0.32384	0.382581	0.323104	0.252311	0.323754	0.036819	0.159045
Eggerthella	-0.152001	0.322907	0.600128	0.327428	0.051603	0.322479	0.019486	0.159036
Emergencia	0.388333	0.325568	0.043192	0.320148	-0.634743	0.330759		
Enterobacter	0.107981	0.322667	-0.162969	0.320655	0.184594	0.323136	-0.162009	0.159285
Enterocloster	-0.047586	0.322471	0.220124	0.321104	0.141104	0.32284	0.073229	0.159084
Enterococcus	0.273466	0.323987	0.576158	0.326861	0.380048	0.325436	-0.028961	0.15904
Escherichia	-0.079705	0.322556	-0.163283	0.320657	0.387993	0.325563	0.156948	0.15927
Eubacterium	0.113201	0.322692	0.365661	0.322846	-0.120458	0.322727	0.078614	0.159092
Faecalibacillus	0.466283	0.326948	-0.674037	0.329315	-0.022439	0.322434	-0.040045	0.159048
Faecalibacterium	0.350487	0.324987	0.41562	0.323641	-0.072074	0.322532	-0.045142	0.159052
Faecalicatena							0.209724	0.159456
Faecalitalea	-0.230689	0.323536	0.523096	0.325685	0.327951	0.324669	-0.00449	0.159032
Flavobacterium			-0.22379	0.321138				
Flavonifractor	-0.155631	0.32293	0.268738	0.321591	-0.099868	0.322632	0.113777	0.159157
Flintibacter	-0.065793	0.322514	0.528333	0.325796	-0.225018	0.323482	0.001297	0.159032
Fusobacterium	-0.508094	0.327789	0.283571	0.321758	0.223891	0.323472		
Gemella	-0.51097	0.327849	0.414663	0.323624			-0.134136	0.159206
Gordonibacter	0.231026	0.32354	0.222862	0.321129	0.16374	0.322985	0.083484	0.159099
Granulicatella							-0.014681	0.159034
Haemophilus	-0.357112	0.325085	0.065645	0.320198	0.248713	0.323717	-0.202484	0.159427
Hoylesella	-0.14886	0.322887	0.207555	0.320994				
Hungatella	-0.188426	0.323166	0.274805	0.321658	-0.139353	0.32283	-0.259179	0.159679
Hymenobacter							-0.070377	0.15908
Intestinimonas	0.030722	0.322443	0.127325	0.320443	-0.025415	0.322437	0.014116	0.159034
Junduvirus	0.62633	0.330542	0.00219	0.32011	-0.237089	0.323599	0.092307	0.159114
Kahnovirus			-0.15659	0.320613				
Kingevirus			-0.260647	0.321503			-0.143216	0.15923
Klebsiella	-0.440411	0.326463	-0.335969	0.322421	0.448692	0.326615	0.262559	0.159696
Lachnoclostridium	0.039405	0.322456	0.379605	0.323058	0.034225	0.322448	-0.077235	0.15909
Lachnospira	0.284191	0.324111	0.324236	0.322263	-0.357538	0.325091	0.121532	0.159175
Lacrimispora	0.211784	0.323362	-0.066318	0.3202	0.313661	0.324478	0.00266	0.159032
Lacticaseibacillus	-0.404215	0.325829	0.519058	0.3256	0.037576	0.322453	0.295719	0.159873
Lactiplantibacillus							0.117274	0.159165
Lactobacillus	-0.400375	0.325765	0.638912	0.328392			0.104182	0.159137
Lactococcus	0.197203	0.323237			-0.083461	0.322569	0.143806	0.159232
Latilactobacillus							-0.006601	0.159033
Leptotrichia			0.33562	0.322417				
Leuconostoc					0.185008	0.32314	0.09931	0.159127
Ligilactobacillus	0.139552	0.322831	0.426687	0.32383	0.594107	0.329737	0.15651	0.159268
Limosilactobacillus	-0.494228	0.327502	0.51996	0.325619	-0.203554	0.32329	0.245684	0.159613
Longicatena	-0.035204	0.322449	0.446464	0.324181	0.391352	0.325617	-0.155799	0.159266
Maliibacterium	0.198958	0.323252	0.357059	0.322719	0.055444	0.322488		
Marvinbryantia	-0.397487	0.325717	0.020119	0.320118	0.195059	0.32322	-0.066857	0.159075
Massilistercora	-0.279229	0.324053	0.433522	0.323949	0.029101	0.322441	0.221452	0.159505
Mediterraneibacter	-0.126678	0.322759	0.189003	0.320843	-0.189398	0.323174	0.066375	0.159075
Megamonas			-0.242838	0.32132				
Megasphaera			0.090835	0.320279				
Methanobrevibacter	-0.094093	0.322609	0.364603	0.32283	0.218713	0.323424	0.216868	0.159485
Microbacterium							-0.001937	0.159032
Mogibacterium	-0.506067	0.327746					0.099191	0.159127
Monoglobus	0.00242	0.322423	0.348142	0.322591	-0.199031	0.323252	0.011422	0.159034
Muribaculum			0.085207	0.320259	-0.547364	0.328642	0.077753	0.159091
Neisseria			-0.076473	0.32023				
Novisyntrophococcus	0.45186	0.326674	0.161839	0.320648			0.040988	0.159048
Odoribacter	0.382211	0.32547	0.021152	0.320119	-0.133947	0.322799	0.201923	0.159425
Olsenella							0.294231	0.159865
Oscillibacter	-0.220375	0.323439	0.401928	0.323413	-0.203747	0.323292	-0.173265	0.159322
Oxalobacter	0.39488	0.325674	-0.029789	0.320128	0.679167	0.331949	-0.207282	0.159446
Paenibacillus	-0.110385	0.322678	0.242775	0.321319	-0.024599	0.322436	-0.005034	0.159033
Parabacteroides	-0.194948	0.323219	0.461392	0.324456	-0.029966	0.322442	-0.087032	0.159105
Parafannyhessea							0.408629	0.160635
Paraprevotella	-0.693921	0.332361	0.259642	0.321492	0.077155	0.322548	0.098267	0.159125
Parolsenella							0.269579	0.159732
Petrimonas			0.595936	0.327327				
Phascolarctobacterium	-0.005714	0.322424	0.431018	0.323906	0.075691	0.322543	0.331776	0.16009
Phocaeicola	0.484797	0.327311	-0.011498	0.320113	-0.35254	0.325017	0.091828	0.159114
Porphyromonas	-0.482241	0.32726	-0.094782	0.320294	0.494017	0.327498	0.294756	0.159868
Prevotella	-0.131492	0.322785	0.145249	0.320543	0.175066	0.323065	0.177716	0.159337
Propionibacterium	-0.19336	0.323206					-0.070811	0.159081
Pseudobutyrivibrio	0.188454	0.323167	0.503868	0.325286	-0.188107	0.323164	-0.202931	0.159429
Pseudomonas	-0.072875	0.322534	-2.2e-05	0.32011	0.397006	0.325709	0.297212	0.159882
Pusillibacter	0.134076	0.3228	-0.094522	0.320293	-0.297937	0.324278	0.213482	0.159471
Pyramidobacter			0.520895	0.325639				
Qiania	0.022665	0.322434	0.111666	0.320366	-0.096838	0.32262	0.096459	0.159122
Raoultibacter	0.30996	0.32443	0.125386	0.320433			0.050926	0.159057
Romboutsia	-0.124541	0.322748	0.104518	0.320334	-0.048551	0.322473	0.291061	0.159847
Roseburia	0.140831	0.322839	0.490916	0.325025	-0.50293	0.327681	0.095052	0.159119
Rothia	-0.235805	0.323586	0.345683	0.322556	0.123209	0.322741	0.207761	0.159448
Ruminococcus	0.424521	0.326178	0.157495	0.320619	-0.184618	0.323137	0.150355	0.15925
Ruthenibacterium	-0.190401	0.323182	0.227451	0.321171	0.358325	0.325103	0.017384	0.159035
Salmonella			-0.26111	0.321508	0.677964	0.331916	-0.119789	0.159171
Schaalia	-0.5109	0.327847	0.056856	0.320176	0.372632	0.32532	0.058927	0.159066
Selenomonas			0.280787	0.321726			0.084331	0.159101
Sellimonas	0.164076	0.322987	0.503566	0.32528	0.209542	0.323342	-0.052879	0.159059
Shigella			-0.074675	0.320225	0.474823	0.327114	-0.033094	0.159043
Simiaoa	0.137828	0.322821	0.181597	0.320787	-0.167166	0.323008	0.139781	0.159221
Skunavirus							-0.232157	0.159551
Slackia							0.23159	0.159549
Sodaliphilus			0.344466	0.322539	-0.546911	0.328632		
Solibaculum	0.274972	0.324004	-0.208157	0.320999	0.304757	0.324364	0.064631	0.159073
Staphylococcus	0.117892	0.322714	-0.058278	0.32018				
Streptococcus	-0.200569	0.323265	0.766169	0.331955	0.021269	0.322433	0.106634	0.159142
Streptomyces	-0.080169	0.322558	-0.108278	0.320351	-0.103924	0.322649	0.380715	0.160424
Subdoligranulum	0.338474	0.324815	0.121922	0.320415	0.135277	0.322806	0.03745	0.159046
Sutterella	-0.178195	0.323088	-0.404557	0.323456	0.17243	0.323046	-0.270873	0.159738
Terrisporobacter	-0.514585	0.327925						
Thermophilibacter							0.271812	0.159743
Thomasclavelia	-0.481224	0.32724	0.324747	0.32227	0.090268	0.322594	-0.204982	0.159437
Treponema	0.281162	0.324076					-0.069649	0.159079
Turicibacter	-0.509411	0.327816	-0.082893	0.320251	0.6778	0.331911	0.108245	0.159145
Turicimonas			0.600236	0.327431	0.039789	0.322456		
Veillonella	-0.361971	0.325157	0.065158	0.320197	0.491512	0.327447	-0.211122	0.159462
Vescimonas	0.338469	0.324815	0.267978	0.321582	-0.464668	0.326917	-0.026011	0.159039
Wansuia	0.410324	0.325932	-0.049156	0.32016	-0.179689	0.323099	0.214347	0.159475
Wujia	0.384592	0.325508	0.592551	0.327247	-0.124066	0.322746	0.364013	0.160305
Xiamenia							0.084542	0.159101
