repeat	fold	n_test	auc_en	auc_rf	auc_xgb
0	0	24	0.20279720279720276	0.5594405594405595	0.39160839160839167
0	1	24	0.4475524475524476	0.3846153846153846	0.38461538461538464
0	2	24	0.44755244755244755	0.5874125874125875	0.6993006993006994
0	3	23	0.42307692307692313	0.6153846153846154	0.5615384615384615
0	4	23	0.3333333333333333	0.5909090909090909	0.5833333333333333
1	0	24	0.2937062937062937	0.3846153846153846	0.22377622377622378
1	1	24	0.38461538461538464	0.6083916083916083	0.5244755244755245
1	2	24	0.5804195804195804	0.6433566433566433	0.6083916083916083
1	3	23	0.42307692307692313	0.523076923076923	0.5384615384615385
1	4	23	0.36363636363636365	0.5681818181818182	0.6287878787878788
2	0	24	0.3356643356643356	0.5454545454545455	0.45454545454545453
2	1	24	0.4265734265734266	0.6643356643356644	0.5384615384615385
2	2	24	0.45454545454545453	0.49650349650349657	0.5454545454545454
2	3	23	0.3692307692307693	0.5538461538461539	0.5846153846153846
2	4	23	0.3106060606060606	0.6856060606060607	0.6439393939393939
3	0	24	0.27972027972027974	0.4755244755244756	0.5594405594405595
3	1	24	0.3146853146853147	0.7622377622377623	0.6013986013986015
3	2	24	0.48251748251748255	0.4335664335664336	0.4265734265734266
3	3	23	0.35384615384615387	0.4884615384615385	0.5230769230769231
3	4	23	0.5151515151515151	0.5227272727272727	0.3636363636363636
4	0	24	0.3496503496503497	0.5244755244755245	0.5244755244755245
4	1	24	0.46153846153846156	0.5314685314685315	0.4545454545454545
4	2	24	0.4195804195804196	0.5874125874125875	0.6223776223776224
4	3	23	0.34615384615384615	0.5923076923076923	0.6076923076923078
4	4	23	0.3257575757575758	0.7045454545454546	0.7575757575757576
5	0	24	0.46153846153846156	0.4370629370629371	0.5524475524475525
5	1	24	0.34965034965034963	0.7202797202797203	0.5804195804195804
5	2	24	0.36363636363636365	0.5384615384615385	0.43356643356643354
5	3	23	0.3769230769230769	0.5692307692307692	0.6230769230769231
5	4	23	0.3787878787878788	0.5530303030303031	0.5909090909090909
6	0	24	0.5524475524475525	0.7762237762237763	0.888111888111888
6	1	24	0.2097902097902098	0.7342657342657343	0.7902097902097902
6	2	24	0.3076923076923077	0.38461538461538464	0.4125874125874126
6	3	23	0.4230769230769231	0.3076923076923077	0.34615384615384615
6	4	23	0.3939393939393939	0.48484848484848486	0.5378787878787878
7	0	24	0.35664335664335667	0.5174825174825175	0.4895104895104895
7	1	24	0.25874125874125875	0.49650349650349657	0.6013986013986014
7	2	24	0.32167832167832167	0.5734265734265734	0.5944055944055944
7	3	23	0.3846153846153847	0.5692307692307692	0.4307692307692308
7	4	23	0.30303030303030304	0.29545454545454547	0.393939393939394
8	0	24	0.49650349650349646	0.5944055944055945	0.6573426573426573
8	1	24	0.34265734265734266	0.5069930069930071	0.6573426573426574
8	2	24	0.34265734265734266	0.5664335664335665	0.5314685314685315
8	3	23	0.47692307692307695	0.5923076923076923	0.5307692307692309
8	4	23	0.16666666666666666	0.43560606060606066	0.4318181818181818
9	0	24	0.2797202797202797	0.4755244755244756	0.5244755244755245
9	1	24	0.6013986013986014	0.465034965034965	0.49650349650349657
9	2	24	0.3006993006993007	0.4545454545454546	0.5804195804195804
9	3	23	0.35384615384615387	0.7153846153846154	0.5384615384615385
9	4	23	0.36363636363636365	0.5151515151515151	0.46212121212121215
