V4_rarefy	V5_subset
0.3460705445544555	0.6077272727272727
0.5394492574257426	0.3443181818181818
0.5838490099009901	0.588409090909091
0.5165532178217822	0.4465909090909091
0.46936881188118806	0.5913636363636363
0.40439356435643564	0.4420454545454545
0.7212252475247525	0.4136363636363637
0.27243193069306926	0.4527272727272727
0.5482673267326733	0.5365909090909091
0.4410581683168317	0.34750000000000003
0.6062809405940595	0.5702272727272727
0.6939975247524752	0.5727272727272728
0.6936881188118811	0.4890909090909091
0.4754022277227722	0.47340909090909095
0.4746287128712871	0.6397727272727272
0.47076113861386143	0.4484090909090909
0.4919554455445545	0.5527272727272727
0.5813737623762377	0.5256818181818183
0.5496596534653466	0.3925
0.692450495049505	0.5156818181818181
0.5086633663366336	0.5715909090909091
0.3997524752475248	0.49977272727272726
0.4693688118811882	0.4797727272727273
0.6485148514851485	0.41159090909090906
0.2490717821782178	0.5422727272727272
0.5433168316831682	0.42363636363636364
0.5142326732673268	0.5938636363636363
0.4002165841584158	0.49204545454545456
0.4333230198019802	0.46159090909090905
0.29579207920792083	0.4425
0.5109839108910892	0.36386363636363633
0.44152227722772275	0.5327272727272727
0.4624071782178218	0.5159090909090909
0.4970606435643565	0.3556818181818182
0.5346534653465347	0.4752272727272727
0.5597153465346535	0.47977272727272724
0.4834467821782178	0.45227272727272727
0.4882425742574258	0.49204545454545456
0.6034962871287128	0.5290909090909091
0.3910891089108911	0.4397727272727273
0.5123762376237624	0.4336363636363636
0.5425433168316831	0.4836363636363637
0.4549814356435644	0.3886363636363635
0.3816522277227723	0.5981818181818181
0.3488551980198019	0.4177272727272727
0.5912747524752475	0.4475
0.4803527227722772	0.47431818181818186
0.4212561881188119	0.5152272727272726
0.3859839108910891	0.3729545454545454
0.43858292079207917	0.41954545454545455
0.5216584158415841	0.5352272727272728
0.5539913366336633	0.5168181818181818
0.5343440594059407	0.5168181818181817
0.5604888613861386	0.5877272727272727
0.6947710396039605	0.44681818181818184
0.47091584158415845	0.5427272727272727
0.4822091584158416	0.5704545454545454
0.48128094059405946	0.5302272727272725
0.5869430693069307	0.5490909090909091
0.38892326732673266	0.5168181818181818
0.5539913366336633	0.38681818181818184
0.6630569306930693	0.5579545454545454
0.21379950495049505	0.47409090909090906
0.5457920792079208	0.3047727272727273
0.43316831683168316	0.5081818181818182
0.6449566831683169	0.4
0.46875	0.5259090909090909
0.49504950495049505	0.5354545454545454
0.5023205445544554	0.5577272727272726
0.35349628712871284	0.5006818181818181
0.43487004950495045	0.47636363636363643
0.47385519801980197	0.47977272727272724
0.5193378712871287	0.37000000000000005
0.5111386138613861	0.4613636363636364
0.31327351485148525	0.5106818181818181
0.4777227722772277	0.5022727272727273
0.5663675742574258	0.47590909090909084
0.5375928217821783	0.6952272727272728
0.5354269801980198	0.5225
0.43626237623762376	0.5052272727272727
0.5018564356435643	0.4697727272727273
0.4698329207920792	0.4506818181818181
0.3446782178217822	0.41795454545454547
0.48746905940594054	0.5597727272727273
0.5552289603960396	0.4713636363636364
0.6064356435643564	0.4011363636363636
0.484375	0.5079545454545453
0.619430693069307	0.4956818181818183
0.3763923267326733	0.43363636363636365
0.5544554455445545	0.48931818181818176
0.5485767326732673	0.27249999999999996
0.48282797029702973	0.4325
0.5194925742574257	0.4829545454545454
0.47586633663366334	0.5179545454545454
0.5341893564356435	0.5961363636363637
0.5123762376237624	0.48522727272727273
0.557240099009901	0.4556818181818182
0.47199876237623767	0.42454545454545456
0.5439356435643563	0.4493181818181818
0.5632735148514851	0.44499999999999995
0.6225247524752476	0.5245454545454545
0.34916460396039606	0.5229545454545454
0.5182549504950495	0.5609090909090908
0.6608910891089108	0.5434090909090908
0.5550742574257426	0.42477272727272725
0.5533725247524752	0.5502272727272727
0.3982054455445544	0.3715909090909091
0.6263923267326732	0.31772727272727275
0.6915222772277227	0.52
0.322555693069307	0.5511363636363636
0.6186571782178217	0.49318181818181817
0.6322710396039604	0.6420454545454545
0.5750309405940595	0.4547727272727273
0.45590965346534656	0.5706818181818182
0.44863861386138615	0.3575
0.43904702970297027	0.5229545454545454
0.49164603960396036	0.4456818181818182
0.5821472772277229	0.3870454545454545
0.4545173267326733	0.47250000000000003
0.45807549504950495	0.500909090909091
0.6027227722772278	0.49136363636363634
0.5041769801980198	0.5431818181818182
0.5038675742574258	0.4779545454545454
0.4777227722772277	0.49454545454545445
0.4942759900990099	0.44522727272727275
0.48360148514851486	0.5818181818181818
0.3844368811881188	0.4022727272727273
0.5510519801980198	0.48954545454545456
0.5971534653465347	0.4104545454545454
0.6045792079207921	0.43681818181818177
0.5258353960396039	0.45090909090909087
0.6013304455445545	0.4104545454545455
0.3719059405940594	0.5363636363636364
0.47865099009900997	0.38886363636363636
0.5139232673267327	0.6102272727272726
0.2332920792079208	0.4113636363636363
0.5558477722772278	0.429090909090909
0.5750309405940595	0.5154545454545454
0.5348081683168318	0.4063636363636363
0.48514851485148514	0.4597727272727272
0.5877165841584159	0.5245454545454546
0.37469059405940597	0.49068181818181816
0.4887066831683169	0.4052272727272727
0.1489789603960396	0.45636363636363636
0.45482673267326734	0.5031818181818182
0.31219059405940586	0.4536363636363636
0.44260519801980197	0.4625
0.3456064356435644	0.6038636363636363
0.4924195544554455	0.46159090909090905
0.5012376237623762	0.5
0.3948019801980198	0.3952272727272727
0.4402846534653465	0.4145454545454545
0.5965346534653464	0.4811363636363636
0.5210396039603961	0.5552272727272727
0.4359529702970297	0.44636363636363635
0.5801361386138614	0.5136363636363637
0.6025680693069306	0.44931818181818184
0.35411509900990096	0.4952272727272727
0.44322400990099015	0.43840909090909086
0.5078898514851485	0.3679545454545454
0.6019492574257425	0.5249999999999999
0.37995049504950495	0.5436363636363636
0.5905012376237624	0.3175
0.5538366336633664	0.5454545454545454
0.49767945544554454	0.3218181818181818
0.48576732673267325	0.34795454545454546
0.41568688118811886	0.5211363636363636
0.3374071782178218	0.5561363636363637
0.3341584158415842	0.5577272727272726
0.47957920792079206	0.45659090909090905
0.4568378712871287	0.5268181818181819
0.5208849009900991	0.47954545454545455
0.5909653465346535	0.5340909090909091
0.39279084158415845	0.5031818181818182
0.4846844059405941	0.4954545454545455
0.3949566831683169	0.5034090909090909
0.3012066831683168	0.5588636363636363
0.5382116336633663	0.465
0.5555383663366337	0.6211363636363636
0.593904702970297	0.5781818181818181
0.26887376237623767	0.5456818181818182
0.5758044554455446	0.4952272727272727
0.46132425742574257	0.4729545454545454
0.7006497524752475	0.5093181818181819
0.46147896039603964	0.6122727272727272
0.5725556930693069	0.5127272727272727
0.7258663366336634	0.5906818181818181
0.36231435643564347	0.3861363636363636
0.619430693069307	0.48613636363636364
0.5290841584158417	0.5615909090909091
0.44337871287128716	0.6445454545454545
0.6653774752475247	0.54
0.47323638613861385	0.4795454545454545
0.6260829207920793	0.3922727272727273
0.5431621287128713	0.49136363636363634
0.5434715346534654	0.3772727272727273
0.6607363861386139	0.29363636363636364
0.5232054455445546	0.4572727272727272
0.4664294554455446	0.4156818181818182
0.5064975247524752	0.45795454545454545
