run_accession	actual	V4_prob_R
ERR10290768	NR	0.07678947342022764
ERR6229432	NR	0.007236155943906985
ERR6230245	R	0.9495949876851348
ERR6230278	R	0.2576885201617091
ERR6230326	NR	0.019268180617410993
ERR6230340	NR	0.03226306587910108
ERR6231475	NR	0.4571004496317235
ERR6231548	NR	0.11682791806635283
ERR6231616	R	0.48251764691523136
ERR6232382	NR	0.06944703403370028
ERR6232425	NR	0.9058779580102637
ERR6232458	NR	0.0011386761231479677
ERR6232518	NR	0.898599874940672
ERR6232521	R	0.011722327405617046
ERR6232522	NR	0.3085108667638777
ERR6232523	NR	0.7282795815149425
ERR6232524	R	0.026106669315601322
ERR6232525	NR	0.014148465401455045
ERR6232526	NR	0.2571563925157856
ERR6232527	NR	0.4724405044919321
ERR6232528	R	0.13691870774824907
ERR6232529	R	0.8716972955862882
ERR6232686	NR	0.03833372591742767
ERR6232687	R	0.9795726743665588
ERR6232688	R	0.9671591959180098
ERR6233692	NR	0.89243657874014
ERR6233693	NR	0.19250777050476753
ERR6233694	NR	0.08023020659562476
ERR6233695	NR	0.00044564553584921325
ERR6235716	NR	0.06905440066208346
ERR6235717	NR	0.002122022264317149
ERR6235718	NR	0.9736310505669934
ERR6236131	R	0.9996221554502467
ERR6239138	R	0.1309702815710091
ERR6239139	R	0.35345977157449743
ERR6243877	NR	0.002226925761884433
ERR6243878	R	0.09860136793458296
ERR6243879	R	0.46167213783386535
ERR6243880	R	0.9818213830682496
ERR6248618	NR	0.7080994401499385
ERR6254869	NR	0.04103394351905731
ERR6254870	NR	0.0784320640222261
ERR6254871	NR	0.6575170301984886
ERR6257997	NR	0.5093419033883448
ERR6264280	R	0.1188370797200884
ERR6264281	NR	0.4515732366843032
ERR6267711	NR	0.5683342518195625
ERR6267712	R	0.024585646956599806
ERR6271719	NR	0.004121824954605836
ERR6271720	NR	0.9056588796265851
ERR6271721	NR	0.3551210557465333
ERR6273965	NR	0.6358296937052218
ERR6275652	NR	0.5336641991008038
ERR6275659	NR	0.030482875635501165
ERR6275661	NR	0.576691245320896
ERR6275663	R	0.07427437633102377
ERR6275664	NR	0.0006726090224323498
ERR6275665	R	0.9612912119709957
ERR6275666	NR	0.036732711150185615
ERR6275667	R	0.8600765195689083
ERR6275668	NR	0.013780125347347771
ERR6275669	R	0.028379424310458985
ERR6275670	NR	0.000416187102291281
ERR6275671	NR	0.003343478340721643
ERR6275672	NR	0.5251574768393729
ERR6275673	NR	0.0725345629935685
ERR6275674	R	0.0022923657383132363
ERR6275675	R	0.10594455187695824
ERR6275676	R	0.6472248413852181
ERR6275677	NR	0.07608815394541217
ERR6275678	R	0.9697591169062588
ERR6275679	NR	0.457821330696138
ERR6275680	NR	0.5221416666717615
ERR6275681	R	0.6195984859522382
ERR6275682	NR	0.4243933431239098
ERR6275683	NR	0.09659742917963948
ERR6275684	NR	0.07553059667034323
ERR6279614	NR	0.004507073309899256
ERR6279615	R	0.9651941242020017
ERR6279616	R	0.6432374214330797
ERR6279618	NR	0.5419567379288595
ERR6279619	R	0.13607213172734978
ERR6279620	NR	0.9615528719592369
ERR6279621	R	0.9183950719635593
ERR6279622	NR	0.9901053668285784
ERR6279623	R	0.5580029935683822
ERR6279624	R	0.06018147690991157
ERR6279625	NR	0.07842334739152124
ERR6279626	NR	0.8804455844065691
ERR6279627	NR	0.7144879560545071
ERR6279628	NR	0.892281283074131
ERR6279629	NR	0.008730802150851799
ERR6279644	R	0.9678658691047088
ERR6279645	R	0.9906868405441603
ERR6279646	NR	0.01878600672942178
ERR6279647	NR	0.8613500575036129
ERR6279648	R	0.05615336146853395
ERR6279649	NR	0.19344874406220888
ERR6279650	R	0.9978673305127388
ERR6279651	R	0.9989198899079204
ERR6279652	R	0.024851366858910266
ERR6279653	NR	0.004838279029612897
ERR6279654	NR	0.0067166212987565645
ERR6279655	NR	0.0504629369427506
ERR6279656	NR	0.6933923679885847
ERR6279657	R	0.021821563320079816
ERR6279658	NR	0.9384540728086556
ERR6279659	NR	0.11733091123461946
ERR6279660	NR	0.00382986930140166
ERR6279661	R	0.8804658037265316
ERR6279662	R	0.6297774493389385
ERR6279663	R	0.9918922737364224
ERR6279664	R	0.24033183059708865
ERR6279665	R	0.0038201860765680238
ERR6279666	R	0.9539585230454015
ERR6279667	R	0.769342976003228
ERR6279668	NR	0.00824662164498843
ERR6279669	NR	0.02108641160180685
ERR6279670	NR	0.035117091766157744
ERR6279671	NR	0.05233595393771007
ERR6279672	NR	0.19329718119629397
ERR6279673	NR	0.08922007367289027
ERR6279674	R	0.8176893307699277
ERR6279675	NR	0.5171751607142667
ERR6279676	R	0.006474188214144328
ERR6279677	R	0.9995666429405516
ERR6279678	NR	0.10705590220588329
ERR6279679	NR	0.0832078192397119
ERR6279680	R	0.685463079222695
ERR6279681	R	0.7271413653887592
ERR6279682	NR	0.4322957479645786
ERR6279683	NR	0.5632115381937661
ERR6280899	R	0.19901232905816593
ERR6280907	NR	0.9336350046493662
ERR6280910	R	0.9400657510883397
ERR6280948	R	0.05476430588986388
ERR6281000	NR	0.8200772385107227
ERR6281340	NR	0.5071721786594827
ERR6281341	R	0.5541833641346097
ERR6281342	NR	0.935664485847443
ERR6281343	NR	0.5002376727829964
ERR6281344	R	0.9641479673067616
ERR6281431	R	0.6256459431089229
ERR6281432	NR	0.25192894292594875
ERR6281433	R	0.02674335776849809
ERR6281434	NR	0.03096217811261784
ERR6281448	R	0.06259041765563483
ERR6281499	R	0.27074368193100107
ERR6281500	NR	0.608094096678482
ERR6281504	NR	0.774363836940185
ERR6281505	NR	0.985239870085448
ERR6281518	R	0.35293267465948897
ERR6281586	NR	0.010918437162466684
ERR6281658	NR	0.044913900353701464
ERR6281677	NR	0.5765515110307737
ERR6281751	NR	0.30520220542122706
ERR6281939	R	0.36343677821250286
ERR6281941	NR	0.12537555420947577
ERR6281942	NR	0.0921662969851654
ERR6281944	NR	0.05689252772478504
ERR6281997	R	0.8793966372498403
ERR6282070	NR	0.9033726175657767
ERR6282137	NR	0.3365105932698806
ERR6282298	R	0.4344096154830365
ERR6282383	NR	0.0028978368199543366
