study	cancer_type	n_labeled_samples	sequencing_type	raw_reads_public	accession	fmt_trial	included_in_this_project	reason
Frankel_2017	Melanoma	39	WGS (shotgun, paired-end, HiSeq 2000)	Yes	PRJNA397906	No	Yes (C1)	Downloaded and processed; primary cohort.
Peng_2020	GI cancer (gastric/colorectal)	40	WGS (shotgun, paired-end, NovaSeq 6000)	Yes	PRJNA615114	No	Yes (C2)	Downloaded and processed.
Matson_2019	Melanoma	38 (this compilation) / 39 (this project's C3, incl. 1 sample the compilation excluded or labeled differently -- not reconciled)	WGS (shotgun, paired-end, NextSeq 500)	Yes	PRJNA399742	No	Yes (C3)	Downloaded and processed.
Lee_2022	Melanoma	164 (this compilation) / 165 (this project's C4 -- 1-sample discrepancy not reconciled, see note)	WGS (shotgun, paired-end, 5 sites)	Yes	PRJEB43119	No	Yes (C4)	Downloaded and processed.
Gopalakrishnan_2018	Melanoma	22	16S + shotgun WGS + qPCR (mixed; paper's own metagenomic subset is smaller than its 112-patient 16S cohort)	Not confirmed via available sources	Not confirmed via available sources	No	No	Not documented in project logs/scripts. No reference to this study found anywhere in the codebase, metadata, or logs.
Gunjur_2024	Pan-cancer ("Other" -- rare cancers, combination ICB trial)	106	WGS (deep shotgun metagenomic)	Not confirmed via available sources	Not confirmed via available sources	No	No	Not documented in project logs/scripts. This study IS referenced in project session notes as part of an exhaustive non-melanoma-cohort search (used as a systematic-review source, not as a data cohort to download) -- but no download attempt for its own raw reads is documented.
Heshiki_2020	Mixed/pan-cancer ("Other"), published in Microbiome journal	11	Not confirmed via available sources	Not confirmed via available sources	Not confirmed via available sources	No	No	Not documented anywhere in project logs/scripts.
Liu_2022	"Other" cancer type (not identified with confidence via available sources)	14	Not confirmed via available sources	Not confirmed via available sources	Not confirmed via available sources	No	No	Not documented anywhere in project logs/scripts. Only 14 samples in the compilation -- too few to be a standalone cohort of interest even if it had been found.
McCulloch_2022	Melanoma	27	WGS (shotgun; observational, not the related 2023 FMT trial by an overlapping author group)	Not confirmed via available sources	Not confirmed via available sources	No (confirmed NOT an FMT trial -- that is a separate 2023 Nature Medicine paper by a related author group)	No	Not documented anywhere in project logs/scripts.
Spencer_2021	Melanoma	134	WGS (shotgun; observational diet/probiotic study)	Not confirmed via available sources	Not confirmed via available sources	No	No	Not documented anywhere in project logs/scripts.
Tsakmaklis_2023	Melanoma	29	Not confirmed via available sources (published in BMC Cancer, combined with TIGIT+ NK cell immune data)	Not confirmed via available sources	Not confirmed via available sources	Not confirmed via available sources	No	Not documented anywhere in project logs/scripts.
