run_accession	cohort	total_reads_after_fastp	read_pairs_after_fastp	pct_unclassified	pct_homo	pct_classified_excl_human
ERR10290768	C4	67711684	33855842.0	49.76	0.0	50.24
ERR6229432	C4	84619456	42309728.0	55.14	0.01	44.85
ERR6230245	C4	9028468	4514234.0	43.06	0.0	56.94
ERR6230278	C4	12741756	6370878.0	30.35	0.01	69.64
ERR6230326	C4	16487612	8243806.0	34.93	0.01	65.05999999999999
ERR6230340	C4	16836684	8418342.0	44.81	0.0	55.19
ERR6231475	C4	20764158	10382079.0	52.62	0.0	47.38
ERR6231548	C4	12737348	6368674.0	51.19	0.01	48.800000000000004
ERR6231616	C4	23903956	11951978.0	43.35	0.01	56.64
ERR6232382	C4	28370462	14185231.0	47.43	0.0	52.57
ERR6232425	C4	20380292	10190146.0	44.94	0.01	55.050000000000004
ERR6232458	C4	28141374	14070687.0	45.06	0.01	54.93
ERR6232518	C4	24027952	12013976.0	19.62	0.0	80.38
ERR6232521	C4	10464000	5232000.0	48.39	0.01	51.6
ERR6232522	C4	15602716	7801358.0	65.18	0.01	34.809999999999995
ERR6232523	C4	13234366	6617183.0	44.77	0.01	55.22
ERR6232524	C4	63715842	31857921.0	44.82	0.0	55.18
ERR6232525	C4	17575730	8787865.0	29.82	0.0	70.18
ERR6232526	C4	18956406	9478203.0	18.38	0.01	81.61
ERR6232527	C4	41182676	20591338.0	30.7	0.0	69.3
ERR6232528	C4	18590878	9295439.0	51.18	0.01	48.81
ERR6232529	C4	17785436	8892718.0	56.04	0.01	43.95
ERR6232686	C4	27918716	13959358.0	51.13	0.01	48.86
ERR6232687	C4	16067180	8033590.0	55.56	0.01	44.43
ERR6232688	C4	29364236	14682118.0	47.44	0.01	52.550000000000004
ERR6233692	C4	20956496	10478248.0	62.36	0.01	37.63
ERR6233693	C4	21365534	10682767.0	38.01	0.01	61.980000000000004
ERR6233694	C4	41729978	20864989.0	16.0	0.0	84.0
ERR6233695	C4	91050012	45525006.0	58.75	0.01	41.24
ERR6235716	C4	15274782	7637391.0	45.72	0.01	54.27
ERR6235717	C4	17587488	8793744.0	43.78	0.0	56.22
ERR6235718	C4	38895096	19447548.0	22.41	0.0	77.59
ERR6236131	C4	30367254	15183627.0	46.65	0.0	53.35
ERR6239138	C4	11976376	5988188.0	45.55	0.01	54.440000000000005
ERR6239139	C4	43227292	21613646.0	49.14	0.0	50.86
ERR6243877	C4	32490774	16245387.0	50.43	0.01	49.56
ERR6243878	C4	51534766	25767383.0	47.93	0.02	52.05
ERR6243879	C4	20143876	10071938.0	24.27	0.0	75.73
ERR6243880	C4	45925914	22962957.0	55.47	0.01	44.52
ERR6248618	C4	29826748	14913374.0	42.8	0.02	57.18
ERR6254869	C4	30256282	15128141.0	40.03	0.01	59.96
ERR6254870	C4	41500056	20750028.0	47.94	0.0	52.06
ERR6254871	C4	40630476	20315238.0	54.94	0.01	45.050000000000004
ERR6257997	C4	27109922	13554961.0	45.6	0.01	54.39
ERR6264280	C4	68822832	34411416.0	36.27	0.01	63.72
ERR6264281	C4	99713226	49856613.0	44.7	0.01	55.29
ERR6267711	C4	16920766	8460383.0	41.74	0.01	58.25
ERR6267712	C4	47412656	23706328.0	41.88	0.01	58.11
ERR6271719	C4	41686874	20843437.0	37.7	0.01	62.29
ERR6271720	C4	20529596	10264798.0	56.77	0.01	43.22
ERR6271721	C4	80362310	40181155.0	44.76	0.0	55.24
ERR6273965	C4	83891190	41945595.0	36.37	0.01	63.620000000000005
ERR6275652	C4	55975696	27987848.0	63.15	0.01	36.84
ERR6275659	C4	36656712	18328356.0	56.32	0.01	43.67
ERR6275661	C4	157156152	78578076.0	38.55	0.02	61.43
ERR6275663	C4	63244474	31622237.0	47.76	0.01	52.230000000000004
ERR6275664	C4	29272582	14636291.0	51.99	0.01	48.0
ERR6275665	C4	44084070	22042035.0	45.88	0.0	54.12
ERR6275666	C4	57318614	28659307.0	54.87	0.01	45.120000000000005
ERR6275668	C4	93156182	46578091.0	68.65	0.01	31.339999999999993
ERR6275669	C4	41237746	20618873.0	51.9	0.01	48.09
ERR6275670	C4	45002780	22501390.0	37.98	0.01	62.010000000000005
ERR6275671	C4	33375362	16687681.0	48.73	0.01	51.260000000000005
ERR6275673	C4	61627372	30813686.0	56.46	0.01	43.53
ERR6275674	C4	143453948	71726974.0	50.84	0.01	49.15
ERR6275677	C4	67326080	33663040.0	36.98	0.01	63.010000000000005
ERR6275678	C4	11154086	5577043.0	48.76	0.01	51.230000000000004
ERR6275679	C4	30410828	15205414.0	27.32	0.0	72.68
ERR6275680	C4	63144000	31572000.0	55.74	0.01	44.25
ERR6275681	C4	8696614	4348307.0	48.08	0.01	51.910000000000004
ERR6275682	C4	34483978	17241989.0	58.92	0.01	41.07
ERR6275683	C4	47421636	23710818.0	46.41	0.01	53.580000000000005
ERR6275684	C4	13685314	6842657.0	55.24	0.01	44.75
ERR6279614	C4	30192248	15096124.0	26.23	0.01	73.75999999999999
ERR6279615	C4	11068340	5534170.0	30.68	0.0	69.32
ERR6279616	C4	22391274	11195637.0	52.98	0.01	47.010000000000005
ERR6279618	C4	99974398	49987199.0	30.79	0.0	69.21000000000001
ERR6279619	C4	36403276	18201638.0	53.28	0.01	46.71
ERR6279620	C4	20095168	10047584.0	35.88	0.0	64.12
ERR6279621	C4	19204556	9602278.0	36.37	0.01	63.620000000000005
ERR6279622	C4	64049360	32024680.0	70.06	0.01	29.929999999999996
ERR6279624	C4	81019728	40509864.0	35.43	0.01	64.55999999999999
ERR6279625	C4	46938618	23469309.0	43.85	0.01	56.14
ERR6279626	C4	55455646	27727823.0	53.93	0.01	46.06
ERR6279627	C4	24893756	12446878.0	27.32	0.0	72.68
ERR6279628	C4	62632824	31316412.0	68.13	0.01	31.860000000000003
ERR6279629	C4	30293098	15146549.0	34.57	0.0	65.43
ERR6279644	C4	43935480	21967740.0	45.19	0.01	54.800000000000004
ERR6279645	C4	20219810	10109905.0	40.95	0.01	59.04
ERR6279646	C4	12303286	6151643.0	52.54	0.0	47.46
ERR6279647	C4	66277886	33138943.0	53.99	0.01	46.0
ERR6279648	C4	36033208	18016604.0	30.36	0.0	69.64
ERR6279649	C4	20119742	10059871.0	55.24	0.01	44.75
ERR6279650	C4	19823824	9911912.0	40.29	0.01	59.7
ERR6279651	C4	20933664	10466832.0	32.53	0.01	67.46
ERR6279652	C4	15155550	7577775.0	26.56	0.01	73.42999999999999
ERR6279653	C4	42098164	21049082.0	26.19	0.0	73.81
ERR6279654	C4	61884224	30942112.0	43.78	0.01	56.21
ERR6279655	C4	134512346	67256173.0	23.95	0.01	76.03999999999999
ERR6279656	C4	52216490	26108245.0	47.51	0.01	52.480000000000004
ERR6279657	C4	181195776	90597888.0	45.68	0.01	54.31
ERR6279658	C4	11286806	5643403.0	24.24	0.0	75.76
ERR6279659	C4	40851982	20425991.0	15.17	0.0	84.83
ERR6279660	C4	26705336	13352668.0	28.9	0.01	71.08999999999999
ERR6279661	C4	114753910	57376955.0	37.97	0.01	62.02
ERR6279662	C4	35571202	17785601.0	61.09	0.01	38.9
ERR6279663	C4	44162670	22081335.0	50.59	0.01	49.4
ERR6279664	C4	59434552	29717276.0	41.21	0.01	58.78
ERR6279665	C4	53000076	26500038.0	52.91	0.04	47.050000000000004
ERR6279666	C4	79469764	39734882.0	49.18	0.01	50.81
ERR6279667	C4	63318436	31659218.0	28.06	0.01	71.92999999999999
ERR6279668	C4	16051934	8025967.0	10.13	0.01	89.86
ERR6279669	C4	207486056	103743028.0	40.32	0.01	59.67
ERR6279670	C4	131434400	65717200.0	62.15	0.02	37.83
ERR6279671	C4	35768516	17884258.0	50.34	0.01	49.65
ERR6279672	C4	82166354	41083177.0	61.24	0.01	38.75
ERR6279673	C4	28574712	14287356.0	43.1	0.01	56.89
ERR6279674	C4	49010618	24505309.0	41.65	0.01	58.34
ERR6279675	C4	34976372	17488186.0	29.84	0.0	70.16
ERR6279676	C4	78349062	39174531.0	39.69	0.01	60.300000000000004
ERR6279677	C4	71640624	35820312.0	26.02	0.01	73.97
ERR6279678	C4	64535494	32267747.0	49.97	0.01	50.02
ERR6279679	C4	42996274	21498137.0	50.83	0.01	49.160000000000004
ERR6279680	C4	33784620	16892310.0	58.79	0.01	41.2
ERR6279681	C4	117102896	58551448.0	31.11	0.01	68.88
ERR6279682	C4	32269438	16134719.0	51.84	0.0	48.16
ERR6279683	C4	26566088	13283044.0	31.84	0.01	68.14999999999999
ERR6280899	C4	152271782	76135891.0	52.32	0.01	47.67
ERR6280907	C4	82322540	41161270.0	47.47	0.01	52.52
ERR6280910	C4	50069508	25034754.0	31.92	0.0	68.08
ERR6280948	C4	17048104	8524052.0	59.73	0.01	40.260000000000005
ERR6281000	C4	108562228	54281114.0	38.42	0.0	61.58
ERR6281340	C4	60056816	30028408.0	40.24	0.0	59.76
ERR6281341	C4	89717648	44858824.0	41.72	0.0	58.28
ERR6281342	C4	41219698	20609849.0	35.42	0.0	64.58
ERR6281343	C4	119762318	59881159.0	36.04	0.01	63.95
ERR6281344	C4	56748054	28374027.0	48.73	0.0	51.27
ERR6281431	C4	31188548	15594274.0	49.68	0.0	50.32
ERR6281432	C4	119079208	59539604.0	19.98	0.0	80.02
ERR6281433	C4	33349068	16674534.0	35.63	0.0	64.37
ERR6281434	C4	153046646	76523323.0	32.62	0.0	67.38
ERR6281448	C4	73699364	36849682.0	29.1	0.0	70.9
ERR6281499	C4	28277570	14138785.0	47.85	0.01	52.14
ERR6281500	C4	82827104	41413552.0	37.22	0.01	62.77
ERR6281504	C4	58757590	29378795.0	50.04	0.01	49.95
ERR6281505	C4	25805840	12902920.0	42.47	0.0	57.53
ERR6281518	C4	118981704	59490852.0	57.89	0.01	42.1
ERR6281586	C4	48213412	24106706.0	27.75	0.01	72.24
ERR6281658	C4	45711918	22855959.0	57.84	0.01	42.15
ERR6281677	C4	17834244	8917122.0	48.94	0.01	51.050000000000004
ERR6281751	C4	76096066	38048033.0	18.39	0.01	81.6
ERR6281939	C4	17449644	8724822.0	32.46	0.01	67.52999999999999
ERR6281941	C4	78987316	39493658.0	50.64	0.01	49.35
ERR6281942	C4	117682276	58841138.0	43.89	0.01	56.1
ERR6281944	C4	39125620	19562810.0	64.47	0.01	35.52
ERR6281997	C4	52160152	26080076.0	36.61	0.01	63.38
ERR6282070	C4	87014330	43507165.0	40.16	0.01	59.830000000000005
ERR6282137	C4	113283954	56641977.0	56.39	0.01	43.6
ERR6282298	C4	91236874	45618437.0	38.73	0.01	61.260000000000005
ERR6282383	C4	146350654	73175327.0	54.84	0.01	45.15
SRR11413606	C2	53051906	26525953.0	39.77	0.01	60.22
SRR11413607	C2	52325194	26162597.0	41.78	0.01	58.21
SRR11413608	C2	52084026	26042013.0	55.11	0.01	44.88
SRR11413609	C2	39442516	19721258.0	13.97	0.01	86.02
SRR11413610	C2	42880686	21440343.0	64.59	0.02	35.38999999999999
SRR11413611	C2	50539054	25269527.0	54.37	0.01	45.620000000000005
SRR11413612	C2	42825706	21412853.0	24.82	0.01	75.17
SRR11413613	C2	46786908	23393454.0	27.59	0.02	72.39
SRR11413614	C2	47351448	23675724.0	51.71	0.01	48.28
SRR11413615	C2	46065152	23032576.0	36.56	0.01	63.43
SRR11413617	C2	50516768	25258384.0	23.26	0.01	76.72999999999999
SRR11413618	C2	67275836	33637918.0	64.22	0.01	35.77
SRR11413619	C2	51502952	25751476.0	42.74	0.01	57.25
SRR11413620	C2	51026186	25513093.0	34.2	0.01	65.78999999999999
SRR11413645	C2	51171724	25585862.0	34.1	0.02	65.88000000000001
SRR11413646	C2	48707402	24353701.0	45.45	0.04	54.51
SRR11413647	C2	54051196	27025598.0	58.52	0.05	41.43
SRR11413648	C2	58798916	29399458.0	45.06	0.02	54.919999999999995
SRR11413649	C2	60516146	30258073.0	63.85	0.01	36.14
SRR11413650	C2	54514540	27257270.0	10.21	0.01	89.77999999999999
SRR11413652	C2	55705358	27852679.0	24.95	0.02	75.03
SRR11413653	C2	48681738	24340869.0	36.9	0.01	63.09
SRR11413654	C2	50223350	25111675.0	42.96	0.01	57.03
SRR11413655	C2	48508442	24254221.0	13.91	0.02	86.07000000000001
SRR11413656	C2	47935630	23967815.0	33.17	0.01	66.82
SRR11413657	C2	51035258	25517629.0	62.46	0.02	37.519999999999996
SRR11413678	C2	61498406	30749203.0	56.25	0.02	43.73
SRR11413679	C2	50852544	25426272.0	26.33	0.01	73.66
SRR11413680	C2	44818980	22409490.0	3.34	0.01	96.64999999999999
SRR11413681	C2	50203030	25101515.0	32.03	0.01	67.96
SRR11413683	C2	50880718	25440359.0	49.57	0.02	50.41
SRR11413684	C2	46853812	23426906.0	27.65	0.01	72.33999999999999
SRR11413685	C2	53805874	26902937.0	18.52	0.01	81.47
SRR11413686	C2	44897632	22448816.0	30.36	0.01	69.63
SRR11413687	C2	56425820	28212910.0	39.6	0.01	60.39
SRR11413688	C2	48420616	24210308.0	17.7	0.01	82.28999999999999
SRR11413689	C2	47832024	23916012.0	30.77	0.01	69.22
SRR11413690	C2	40778762	20389381.0	45.03	0.01	54.96
SRR11413691	C2	57610470	28805235.0	20.16	0.03	79.81
SRR11413692	C2	42329010	21164505.0	40.36	0.01	59.63
SRR5930493	C1	65007280	32503640.0	60.69	0.24	39.07
SRR5930494	C1	100539408	50269704.0	64.33	0.03	35.64
SRR5930495	C1	82160030	41080015.0	46.45	0.01	53.54
SRR5930497	C1	87344876	43672438.0	46.1	0.11	53.79
SRR5930498	C1	98320550	49160275.0	58.06	0.01	41.93
SRR5930499	C1	85677752	42838876.0	43.63	0.35	56.019999999999996
SRR5930501	C1	63702128	31851064.0	60.46	0.19	39.35
SRR5930502	C1	91043988	45521994.0	30.15	0.06	69.78999999999999
SRR5930503	C1	99206852	49603426.0	58.33	0.01	41.660000000000004
SRR5930504	C1	81969628	40984814.0	46.55	0.01	53.440000000000005
SRR5930505	C1	91189584	45594792.0	45.94	0.03	54.03
SRR5930506	C1	102668700	51334350.0	59.46	0.02	40.519999999999996
SRR5930507	C1	88218090	44109045.0	47.48	0.06	52.46
SRR5930508	C1	79804514	39902257.0	50.44	0.1	49.46
SRR5930509	C1	78171784	39085892.0	59.09	0.1	40.809999999999995
SRR5930510	C1	47024956	23512478.0	44.93	0.09	54.98
SRR5930511	C1	46525512	23262756.0	59.36	0.07	40.57
SRR5930512	C1	48508410	24254205.0	38.04	0.01	61.95
SRR5930513	C1	31888556	15944278.0	37.0	0.06	62.94
SRR5930514	C1	55884262	27942131.0	73.77	0.05	26.180000000000003
SRR5930515	C1	45578364	22789182.0	35.43	0.1	64.47
SRR5930516	C1	84058836	42029418.0	42.67	0.06	57.269999999999996
SRR5930517	C1	56580042	28290021.0	38.59	0.25	61.16
SRR5930518	C1	92217852	46108926.0	30.27	0.12	69.61
SRR5930519	C1	88024838	44012419.0	43.18	0.04	56.78
SRR5930520	C1	76500838	38250419.0	55.56	0.36	44.08
SRR5930521	C1	58060996	29030498.0	33.05	0.34	66.61
SRR5930522	C1	40446896	20223448.0	53.14	0.18	46.68
SRR5930523	C1	43575750	21787875.0	42.32	0.03	57.65
SRR5930526	C1	109891038	54945519.0	58.57	0.24	41.19
SRR5930527	C1	93450838	46725419.0	56.8	0.01	43.190000000000005
SRR5930528	C1	97384260	48692130.0	63.36	0.06	36.58
SRR5930529	C1	90819266	45409633.0	40.99	0.01	59.0
SRR5930530	C1	86245916	43122958.0	51.0	0.02	48.98
SRR5930531	C1	78119100	39059550.0	48.51	0.08	51.410000000000004
SRR5930532	C1	102176538	51088269.0	46.6	0.11	53.29
SRR5930533	C1	49347476	24673738.0	56.42	0.02	43.559999999999995
SRR5930534	C1	49975922	24987961.0	50.41	0.01	49.580000000000005
SRR5930536	C1	97399774	48699887.0	43.8	0.04	56.160000000000004
SRR6000869	C3	156160836	78080418.0	26.51	0.02	73.47
SRR6000870	C3	61284484	30642242.0	24.53	0.01	75.46
SRR6000871	C3	53358192	26679096.0	8.19	0.01	91.8
SRR6000873	C3	41378810	20689405.0	26.74	0.06	73.2
SRR6000874	C3	62998398	31499199.0	19.49	0.06	80.45
SRR6000877	C3	140591142	70295571.0	15.07	0.06	84.87
SRR6000878	C3	69989420	34994710.0	12.07	0.01	87.92
SRR6000890	C3	38713082	19356541.0	24.09	0.01	75.89999999999999
SRR6000891	C3	46634766	23317383.0	21.56	0.0	78.44
SRR6000892	C3	102524340	51262170.0	39.13	0.05	60.82
SRR6000893	C3	41530498	20765249.0	49.56	0.02	50.419999999999995
SRR6000894	C3	73193756	36596878.0	25.77	0.02	74.21000000000001
SRR6000895	C3	97176752	48588376.0	29.1	0.08	70.82000000000001
SRR6000896	C3	102860882	51430441.0	10.33	0.03	89.64
SRR6000899	C3	102917504	51458752.0	15.74	0.04	84.22
SRR6000900	C3	56264556	28132278.0	11.24	0.64	88.12
SRR6000901	C3	108065652	54032826.0	14.55	0.01	85.44
SRR6000902	C3	58888994	29444497.0	23.48	0.02	76.5
SRR6000903	C3	47511928	23755964.0	24.91	0.09	75.0
SRR6000905	C3	145859998	72929999.0	33.12	0.1	66.78
SRR6000906	C3	78182944	39091472.0	56.83	0.01	43.160000000000004
SRR6000907	C3	67959144	33979572.0	43.92	0.04	56.04
SRR6000908	C3	54353072	27176536.0	29.4	0.01	70.58999999999999
SRR6000909	C3	86953820	43476910.0	32.74	0.07	67.19
SRR6000910	C3	71485290	35742645.0	30.26	0.01	69.72999999999999
SRR6000911	C3	64032096	32016048.0	22.06	0.02	77.92
SRR6000912	C3	79214078	39607039.0	7.17	0.19	92.64
SRR6000920	C3	129912150	64956075.0	15.27	0.06	84.67
SRR6000921	C3	64651372	32325686.0	37.76	0.07	62.17
SRR6000931	C3	102446570	51223285.0	28.08	0.01	71.91
SRR6000932	C3	41021170	20510585.0	49.61	0.01	50.38
SRR6000940	C3	77378040	38689020.0	35.9	0.01	64.08999999999999
SRR6000942	C3	42081084	21040542.0	28.57	0.01	71.42
SRR6000943	C3	89284584	44642292.0	7.3	0.01	92.69
SRR6000944	C3	147514056	73757028.0	20.71	0.01	79.27999999999999
SRR6000945	C3	48264936	24132468.0	12.18	0.01	87.80999999999999
SRR6000946	C3	46017434	23008717.0	21.87	0.01	78.11999999999999
SRR6000947	C3	93335414	46667707.0	40.6	0.02	59.379999999999995
SRR6000949	C3	132534116	66267058.0	32.23	0.06	67.71000000000001
