	total_genus_reads
ERR6275681	2098257
ERR6230245	2405203
ERR6232522	2445821
ERR6232521	2544453
ERR6279646	2716670
ERR6275678	2721446
ERR6231548	2878025
ERR6275684	2902358
ERR6280948	2999192
ERR6239138	3008985
ERR6235717	3275575
ERR6232523	3310648
ERR6232687	3336014
ERR6233692	3450810
ERR6279652	3521413
ERR6279615	3623163
ERR6232529	3646483
ERR6235716	3842238
ERR6271720	3930639
ERR6279649	3964417
ERR6281677	4033453
ERR6279658	4065486
ERR6232528	4092017
ERR6230278	4200684
ERR6230340	4438990
ERR6267711	4540475
ERR6231475	4629632
ERR6232526	4643850
ERR6279616	4769436
ERR6230326	5025890
ERR6281939	5037596
ERR6279650	5128576
ERR6232425	5145793
ERR6279648	5210231
ERR6275676	5238879
ERR6279645	5441396
ERR6279621	5636064
ERR6279620	5674791
ERR6281944	5742553
SRR5930514	5820989
ERR6233694	5899230
ERR6232525	6041785
ERR6233693	6166755
ERR6279680	6223123
ERR6279659	6241483
ERR6279662	6282465
ERR6275664	6289044
ERR6232686	6322620
ERR6275682	6368420
ERR6231616	6406579
ERR6279651	6490825
ERR6279668	6586890
SRR11413610	6673834
ERR6239139	6758671
ERR6279628	6828672
ERR6281505	6830809
ERR6243877	6882613
ERR6281499	6915933
ERR6243879	6965785
ERR6281431	6978748
ERR6232382	7004439
ERR6257997	7064910
ERR6232688	7172617
ERR6232458	7204059
ERR6279682	7234876
ERR6275659	7235726
ERR6275667	7271147
ERR6279673	7426065
ERR6279619	7647797
ERR6236131	7688429
ERR6275671	7820985
ERR6254869	7921005
SRR5930522	7965345
ERR6279627	8040630
SRR5930511	8144273
ERR6279671	8184467
ERR6248618	8250482
ERR6281658	8253928
ERR6235718	8266702
ERR6254871	8358389
ERR6279683	8403434
ERR6275675	8422290
ERR6279622	8424962
ERR6279660	8429041
SRR11413657	8467002
SRR5930513	8486528
ERR6275672	8536838
ERR6275669	8772464
SRR6000893	8801696
SRR5930533	8867546
ERR6243880	8906970
SRR11413649	9054918
SRR11413647	9113258
ERR6275652	9172505
ERR6279675	9204246
ERR6279629	9255697
SRR6000932	9308457
ERR6232518	9375472
ERR6279679	9725389
ERR6279653	9959174
SRR11413611	10098743
ERR6281433	10101245
ERR6279672	10178010
SRR11413690	10202248
SRR11413618	10225410
ERR6279663	10229113
SRR5930523	10335555
ERR6254870	10336197
ERR6275665	10411237
ERR6279626	10466695
ERR6279614	10514864
ERR6275679	10536332
SRR11413608	10551130
SRR5930493	10552784
SRR11413619	10564035
ERR6279674	10570480
SRR11413614	10618803
SRR5930501	10663305
SRR11413692	10663449
SRR5930534	10819128
ERR6279644	11048045
ERR6279665	11131453
SRR11413607	11387397
SRR5930510	11494853
SRR11413683	11496162
SRR11413678	11496332
ERR6271719	11531917
ERR6275683	11694432
ERR6275666	11719692
SRR11413646	11824036
ERR6275673	11919891
ERR6275670	12154853
ERR6279678	12177086
ERR6243878	12189667
ERR6275668	12527493
SRR5930515	12545421
ERR6279625	12562435
SRR11413680	12599048
ERR6279656	12680496
ERR6279623	12715944
ERR6267712	12785799
ERR6275680	12803142
ERR6281342	12853458
SRR11413654	12957265
SRR5930512	12970804
ERR6281344	13159773
SRR6000942	13195497
SRR6000890	13205649
ERR6232527	13262190
SRR11413615	13338315
ERR6279647	13408327
ERR6275663	13453317
ERR6281504	13470525
SRR6000873	13486659
SRR6000906	13512040
SRR5930509	13589868
SRR11413653	14110013
SRR11413606	14163364
SRR5930520	14395665
SRR11413656	14695952
SRR5930528	14822987
SRR11413686	14840350
SRR11413620	14873425
SRR11413612	14887210
ERR6281997	14894142
SRR5930494	15025195
SRR11413648	15102327
SRR11413689	15110881
ERR6281586	15280080
ERR10290768	15346455
SRR6000903	15429024
SRR11413681	15470277
ERR6233695	15527548
SRR11413613	15641535
SRR11413609	15688399
ERR6279664	15700549
SRR11413645	15748632
SRR5930517	15760432
SRR11413684	15860894
SRR11413687	15864675
ERR6279654	15908635
SRR6000891	15981030
SRR11413679	16186793
SRR11413617	16390393
ERR6280910	16465336
ERR6229432	16539157
SRR6000946	16729910
SRR5930527	16856017
SRR6000908	16887829
SRR5930508	16935213
ERR6232524	16949347
ERR6281340	17008924
SRR5930498	17236946
ERR6279681	17346036
ERR6281751	17453370
SRR5930506	17458566
SRR11413652	17469687
SRR6000907	17490494
SRR6000921	17493547
SRR5930521	17658890
SRR5930530	17898338
ERR6281941	17995704
SRR11413655	18067957
SRR5930531	18073718
SRR5930503	18123697
SRR11413688	18202972
ERR6279667	18446279
SRR6000945	18710952
ERR6279666	19069462
ERR6282137	19092944
ERR6275677	19517248
SRR5930526	19545123
SRR5930495	19563994
SRR6000902	19734778
ERR6264280	19778259
SRR5930504	19788326
SRR6000870	19918247
ERR6280907	20024073
SRR5930507	20178909
ERR6271721	20286645
SRR5930497	20433503
SRR11413691	20724074
SRR5930505	20781790
ERR6281000	20799983
SRR11413685	20829752
SRR6000910	21006551
SRR5930499	21111537
SRR6000871	21402063
SRR11413650	21532219
SRR6000940	21635809
SRR5930519	21662727
SRR5930516	21898884
SRR6000894	22029988
ERR6279676	22088033
SRR6000874	22088527
ERR6279661	22199522
ERR6281341	22396314
ERR6279670	22555558
SRR6000911	22574841
SRR6000900	22725050
ERR6281448	23104702
SRR5930536	23164826
ERR6281518	23203392
ERR6264281	23363940
SRR5930532	23659119
SRR5930529	23782023
ERR6282070	23788793
ERR6281500	23838337
ERR6282383	23999298
ERR6273965	24519228
SRR6000947	24629269
ERR6279624	24980585
ERR6279677	24994630
SRR6000909	26326244
ERR6282298	26454899
SRR5930518	27531030
SRR6000878	27671084
SRR6000892	28218928
ERR6281942	28238285
SRR5930502	28607054
ERR6279618	28642039
SRR6000895	30099451
SRR6000931	31494455
ERR6279655	32351820
ERR6275674	32428188
ERR6280899	32500034
SRR6000912	32918223
SRR6000943	33195455
ERR6281343	35193698
SRR6000899	38890093
SRR6000901	41175599
SRR6000896	41216025
SRR6000949	41935195
SRR6000905	44168210
ERR6281432	44305285
ERR6275661	45013177
ERR6279657	46511590
SRR6000920	47300774
ERR6281434	48035320
SRR6000944	52501143
SRR6000869	53347215
SRR6000877	56159808
ERR6279669	56182466
