	total_genus_reads	cohort
ERR6275681	2098257	cohort4
ERR6230245	2405203	cohort4
ERR6232522	2445821	cohort4
ERR6232521	2544453	cohort4
ERR6279646	2716670	cohort4
ERR6275678	2721446	cohort4
ERR6231548	2878025	cohort4
ERR6275684	2902358	cohort4
ERR6280948	2999192	cohort4
ERR6239138	3008985	cohort4
ERR6235717	3275575	cohort4
ERR6232523	3310648	cohort4
ERR6232687	3336014	cohort4
ERR6233692	3450810	cohort4
ERR6279652	3521413	cohort4
ERR6279615	3623163	cohort4
ERR6232529	3646483	cohort4
ERR6235716	3842238	cohort4
ERR6271720	3930639	cohort4
ERR6279649	3964417	cohort4
ERR6281677	4033453	cohort4
ERR6279658	4065486	cohort4
ERR6232528	4092017	cohort4
ERR6230278	4200684	cohort4
ERR6230340	4438990	cohort4
ERR6267711	4540475	cohort4
ERR6231475	4629632	cohort4
ERR6232526	4643850	cohort4
ERR6279616	4769436	cohort4
