project	library_strategy	library_layout	instrument_model	runs	fastq_gb	first_public
PRJEB49516	WGS	PAIRED	Illumina NovaSeq 6000	107	348.78	2024-01-03
PRJNA494824	WGS	PAIRED	Illumina HiSeq 1500	71	304.0	2019-01-12
PRJNA866654	OTHER	SINGLE	Illumina HiSeq 4000	1	0.0	2022-10-01
PRJNA866654	WGS	PAIRED	Illumina HiSeq 4000	14	69.78	2022-10-01
PRJNA762360	AMPLICON	PAIRED	Illumina MiSeq	80	1.78	2022-01-06
PRJNA762360	WGS	PAIRED	Illumina NovaSeq 6000	94	397.55	2022-01-06
PRJNA770295	AMPLICON	PAIRED	Illumina MiSeq	498	7.51	2021-12-25
PRJNA770295	WGS	PAIRED	Illumina HiSeq 2000	75	239.47	2021-12-25
PRJNA770295	WGS	PAIRED	Illumina HiSeq 3000	99	180.07	2021-12-25
PRJNA770295	WGS	PAIRED	Illumina HiSeq X	135	137.81	2021-12-25
PRJNA1011235	WGS	PAIRED	Illumina NovaSeq 6000	29	92.84	2023-09-02
PRJEB22893	WGS	PAIRED	Illumina HiSeq 2000	25	56.54	2017-11-06
PRJEB22894	AMPLICON	SINGLE	Illumina MiSeq	1	0.09	2017-11-06
PRJEB22874	AMPLICON	SINGLE	Illumina MiSeq	1	0.13	2017-11-06
PRJEB22895	AMPLICON	SINGLE	Illumina MiSeq	1	0.01	2017-11-06
