sample_id	cohort	response
cohortA_01	cohortA	R
cohortA_02	cohortA	NR
cohortA_03	cohortA	NR
cohortA_04	cohortA	R
cohortA_05	cohortA	NR
cohortA_06	cohortA	NR
cohortA_07	cohortA	NR
cohortA_08	cohortA	NR
cohortA_09	cohortA	NR
cohortA_10	cohortA	NR
cohortA_11	cohortA	NR
cohortA_12	cohortA	NR
cohortA_13	cohortA	NR
cohortA_14	cohortA	R
cohortA_15	cohortA	NR
cohortA_16	cohortA	NR
cohortA_17	cohortA	R
cohortA_18	cohortA	NR
cohortA_19	cohortA	R
cohortA_20	cohortA	R
cohortA_21	cohortA	NR
cohortA_22	cohortA	NR
cohortA_23	cohortA	NR
cohortA_24	cohortA	NR
cohortA_25	cohortA	NR
cohortA_26	cohortA	NR
cohortA_27	cohortA	NR
cohortA_28	cohortA	NR
cohortA_29	cohortA	R
cohortA_30	cohortA	NR
cohortA_31	cohortA	R
cohortA_32	cohortA	NR
cohortA_33	cohortA	R
cohortA_34	cohortA	NR
cohortA_35	cohortA	NR
cohortA_36	cohortA	R
cohortA_37	cohortA	R
cohortA_38	cohortA	R
cohortA_39	cohortA	NR
cohortA_40	cohortA	R
cohortB_01	cohortB	R
cohortB_02	cohortB	NR
cohortB_03	cohortB	NR
cohortB_04	cohortB	R
cohortB_05	cohortB	R
cohortB_06	cohortB	NR
cohortB_07	cohortB	R
cohortB_08	cohortB	R
cohortB_09	cohortB	R
cohortB_10	cohortB	NR
cohortB_11	cohortB	NR
cohortB_12	cohortB	NR
cohortB_13	cohortB	R
cohortB_14	cohortB	NR
cohortB_15	cohortB	R
cohortB_16	cohortB	NR
cohortB_17	cohortB	NR
cohortB_18	cohortB	R
cohortB_19	cohortB	R
cohortB_20	cohortB	NR
cohortB_21	cohortB	R
cohortB_22	cohortB	NR
cohortB_23	cohortB	R
cohortB_24	cohortB	NR
cohortB_25	cohortB	NR
cohortB_26	cohortB	R
cohortB_27	cohortB	R
cohortB_28	cohortB	NR
cohortB_29	cohortB	R
cohortB_30	cohortB	R
cohortB_31	cohortB	R
cohortB_32	cohortB	NR
cohortB_33	cohortB	NR
cohortB_34	cohortB	NR
cohortB_35	cohortB	R
cohortB_36	cohortB	NR
cohortB_37	cohortB	R
cohortB_38	cohortB	R
cohortB_39	cohortB	R
cohortB_40	cohortB	NR
cohortC_01	cohortC	NR
cohortC_02	cohortC	NR
cohortC_03	cohortC	NR
cohortC_04	cohortC	NR
cohortC_05	cohortC	NR
cohortC_06	cohortC	NR
cohortC_07	cohortC	NR
cohortC_08	cohortC	NR
cohortC_09	cohortC	NR
cohortC_10	cohortC	R
cohortC_11	cohortC	R
cohortC_12	cohortC	R
cohortC_13	cohortC	R
cohortC_14	cohortC	NR
cohortC_15	cohortC	R
cohortC_16	cohortC	NR
cohortC_17	cohortC	NR
cohortC_18	cohortC	NR
cohortC_19	cohortC	R
cohortC_20	cohortC	R
cohortC_21	cohortC	NR
cohortC_22	cohortC	NR
cohortC_23	cohortC	R
cohortC_24	cohortC	NR
cohortC_25	cohortC	R
cohortC_26	cohortC	NR
cohortC_27	cohortC	NR
cohortC_28	cohortC	R
cohortC_29	cohortC	R
cohortC_30	cohortC	NR
cohortC_31	cohortC	NR
cohortC_32	cohortC	R
cohortC_33	cohortC	R
cohortC_34	cohortC	R
cohortC_35	cohortC	NR
cohortC_36	cohortC	NR
cohortC_37	cohortC	R
cohortC_38	cohortC	R
cohortC_39	cohortC	R
cohortC_40	cohortC	R
