sample_id	taxon_01	taxon_02	taxon_03	taxon_04	taxon_05	taxon_06	taxon_07	taxon_08	taxon_09	taxon_10	taxon_11	taxon_12	taxon_13	taxon_14	taxon_15	taxon_16	taxon_17	taxon_18	taxon_19	taxon_20	taxon_21	taxon_22	taxon_23	taxon_24	taxon_25	taxon_26	taxon_27	taxon_28	taxon_29	taxon_30	taxon_31	taxon_32	taxon_33	taxon_34	taxon_35	taxon_36	taxon_37	taxon_38	taxon_39	taxon_40	taxon_41	taxon_42	taxon_43	taxon_44	taxon_45	taxon_46	taxon_47	taxon_48	taxon_49	taxon_50
cohortA_01	141	370	1	2047	237	101	42	340	252	52	121	113	74	17	65	130	24	206	18	8	9	129	332	40	777	2060	19	313	30	98	55	1017	745	1674	116	52	35	61	127	1896	788	15	7	201	168	2167	1805	25	1961	6064
cohortA_02	47	146	6	2279	109	28	58	79	101	24	80	59	83	28	40	73	42	268	40	27	4	28	342	24	577	1284	28	425	27	176	18	147	590	779	38	76	14	27	52	229	99	7	4	531	213	1397	3463	14	993	2784
cohortA_03	126	177	5	1842	251	46	60	133	344	42	130	124	11	24	128	100	69	331	9	21	5	151	279	55	500	2094	26	174	29	169	119	413	436	991	30	24	23	13	73	268	130	4	9	197	128	1323	7081	42	575	4264
cohortA_04	63	273	8	1961	53	112	53	432	653	45	194	143	54	26	92	256	22	859	47	17	6	175	320	61	1198	4959	35	547	62	49	46	411	583	807	67	121	47	159	287	1245	468	9	3	266	340	3888	1690	43	1342	3340
cohortA_05	60	576	12	1212	85	43	32	307	94	62	39	170	30	32	53	136	33	542	12	11	6	199	143	124	502	3323	19	387	53	67	39	777	536	852	69	36	32	28	189	889	284	7	5	474	415	737	1214	35	3354	5589
cohortA_06	101	241	5	2471	203	77	28	196	144	46	194	62	22	17	33	176	12	278	9	5	18	103	195	46	905	4195	49	565	50	147	31	236	588	1056	50	97	8	21	156	954	95	4	9	401	200	854	2823	49	1184	3005
cohortA_07	94	148	1	1544	64	61	31	187	224	32	64	127	37	9	50	62	6	114	14	8	7	104	397	23	521	587	32	245	14	153	64	525	305	713	27	113	25	34	93	231	152	16	6	303	184	1162	1522	60	712	9993
cohortA_08	92	250	3	955	130	8	34	137	134	23	109	83	74	21	67	60	34	263	27	2	2	151	346	44	319	1863	41	893	32	77	56	602	901	823	15	85	11	17	188	415	134	13	3	148	217	642	1032	34	456	5505
cohortA_09	158	586	1	2729	153	78	40	219	333	43	105	79	86	25	98	66	15	232	47	32	10	203	138	66	361	1838	114	885	27	120	111	468	373	522	53	164	26	12	343	552	328	12	2	558	290	2517	3359	35	2626	8361
cohortA_10	119	117	1	1127	202	66	64	140	185	30	52	43	28	61	27	54	47	148	29	4	6	155	135	49	505	1414	21	512	30	111	61	738	253	707	14	127	21	48	78	456	217	3	2	207	146	1678	1353	12	2509	5613
cohortA_11	274	111	5	1786	59	101	55	167	314	32	229	298	49	28	52	203	7	205	21	13	8	215	299	14	980	4628	28	744	32	62	28	874	597	1005	17	132	14	51	66	440	139	3	3	252	137	1997	2991	12	859	3874
cohortA_12	87	127	5	1180	204	94	59	213	233	59	82	29	33	46	28	52	24	146	40	6	14	137	390	26	333	649	13	239	34	42	98	625	173	236	8	106	10	28	117	592	243	3	9	319	283	1635	797	8	1786	8232
cohortA_13	87	229	2	3880	226	71	59	111	127	38	80	99	66	20	48	76	70	187	16	8	12	219	700	65	390	2781	28	500	113	77	29	967	285	657	9	107	30	41	162	487	370	5	9	96	142	1982	2071	23	1813	6591
cohortA_14	166	196	3	2513	118	47	44	253	184	204	339	34	36	37	87	227	4	177	67	22	47	376	221	81	611	2724	30	372	46	183	44	511	527	594	37	194	17	24	46	781	874	6	13	688	98	818	2064	26	2509	10526
cohortA_15	132	572	3	1200	250	110	33	142	286	47	77	82	25	8	76	46	27	135	32	7	10	64	424	37	388	2364	40	878	39	100	34	247	517	511	83	52	21	30	61	460	177	9	3	468	790	1968	2112	27	1345	1813
cohortA_16	56	157	1	2969	262	86	55	139	183	33	150	154	18	49	28	83	21	155	21	17	11	99	314	36	425	1138	29	470	65	200	31	941	487	1440	31	119	35	78	73	458	198	15	11	163	320	1471	1712	43	5067	6549
cohortA_17	49	481	4	2607	143	55	51	131	116	107	139	50	17	24	67	65	27	227	38	30	12	93	485	42	920	1542	8	292	21	80	64	406	314	382	20	77	31	131	71	960	113	1	3	189	410	1335	3310	20	3002	3363
cohortA_18	82	331	0	3852	200	59	118	90	372	102	65	146	40	18	40	177	82	194	22	16	49	87	262	28	450	4898	27	1739	83	250	107	328	234	1504	80	170	32	49	159	367	275	8	3	118	282	654	648	17	2666	5892
cohortA_19	30	101	0	1398	113	57	30	97	87	23	76	111	36	25	43	72	18	90	9	9	13	69	362	13	327	785	18	716	11	74	18	373	475	387	37	54	20	21	126	469	122	6	3	276	492	820	666	30	1583	5187
cohortA_20	103	398	3	2607	243	153	52	354	181	47	172	56	33	72	58	77	19	393	26	19	3	125	342	95	1343	4001	13	825	111	73	99	668	398	1156	27	159	29	54	317	506	525	16	5	142	577	1097	1553	32	2223	4078
cohortA_21	131	215	0	1236	195	99	51	220	159	24	108	80	19	21	42	109	32	201	8	25	16	150	770	82	622	2410	48	377	17	53	98	283	383	631	38	50	26	11	92	237	175	6	5	268	83	668	1419	31	1711	1546
cohortA_22	197	297	7	4866	469	142	60	413	176	48	137	82	44	47	38	45	48	394	62	11	17	129	398	26	1909	1537	85	267	22	260	94	616	293	1503	36	156	25	102	149	1453	236	4	6	412	573	2381	1555	36	1835	5595
cohortA_23	167	341	5	922	195	85	71	130	103	11	180	87	32	23	53	83	39	125	18	8	6	215	266	47	927	5020	40	321	14	30	46	433	288	1966	14	78	5	76	73	246	213	14	18	244	322	1220	1650	27	4217	3175
cohortA_24	20	693	3	804	162	31	44	82	199	12	88	29	33	17	15	159	10	166	20	5	6	63	382	17	1326	1478	23	367	18	51	25	247	181	928	24	50	16	25	45	344	238	5	3	134	124	1466	1848	15	882	3528
cohortA_25	97	275	4	3879	158	159	72	359	141	41	297	57	12	80	17	143	24	189	12	8	3	95	392	21	760	2498	10	218	24	447	44	170	286	266	11	162	27	36	145	1277	186	4	8	251	195	1440	978	63	1818	1547
cohortA_26	90	183	7	4587	175	87	20	461	309	46	175	206	41	12	93	93	53	218	10	11	15	96	1014	12	384	2337	30	681	45	229	38	537	244	1323	31	80	25	24	75	273	160	9	16	240	133	1375	1399	22	4469	4095
cohortA_27	91	204	1	1325	387	81	20	192	187	79	129	157	61	19	54	276	40	372	42	8	14	237	720	96	987	3692	28	1080	40	155	71	995	378	1454	33	256	51	116	103	1253	368	19	12	432	612	492	2031	27	4486	5513
cohortA_28	82	62	3	782	93	31	5	95	79	9	199	119	13	13	21	44	29	119	27	9	5	232	395	31	346	2391	14	170	30	96	21	692	192	819	30	49	19	5	105	402	204	1	1	112	117	1361	1534	43	2135	3306
cohortA_29	86	737	3	812	261	35	34	163	344	76	244	134	33	33	147	282	12	299	13	20	11	137	299	62	585	2310	32	507	41	163	12	363	290	922	45	109	35	43	148	1593	242	6	11	250	187	903	2042	56	2228	4031
cohortA_30	96	318	5	2635	144	136	27	164	198	134	97	114	29	20	67	230	15	296	43	10	13	110	349	42	1021	1687	29	863	34	67	62	313	611	1215	42	180	21	46	204	2189	180	6	22	359	132	1875	1923	31	3288	3977
cohortA_31	86	131	0	2830	306	70	30	298	176	37	81	86	33	26	41	111	34	487	27	6	17	65	255	82	1279	2526	27	344	41	112	64	273	354	346	18	163	137	35	100	1150	109	2	5	577	344	1202	4353	28	1690	3485
cohortA_32	105	160	4	1710	160	51	85	183	209	49	83	81	115	29	130	53	51	204	34	20	16	89	242	75	1139	2858	64	263	23	80	77	345	198	1166	25	74	16	58	96	907	189	13	7	214	617	1534	1762	52	2222	3992
cohortA_33	121	361	2	1651	144	122	124	344	441	65	71	83	61	14	73	161	54	217	34	20	21	170	212	195	884	2525	37	823	41	176	38	221	938	1156	50	239	17	46	54	756	253	20	9	1150	113	3146	1087	81	3735	4381
cohortA_34	143	118	3	4405	152	98	34	116	121	31	77	115	22	37	45	146	24	127	45	4	9	102	571	57	509	3546	29	158	16	40	32	296	322	623	23	182	23	19	57	344	155	2	5	109	258	1617	2030	32	1549	8002
cohortA_35	54	172	2	2141	119	50	34	136	207	24	106	92	25	15	102	123	32	200	32	5	8	169	211	39	162	1734	18	826	44	60	55	342	169	614	69	88	6	29	90	454	347	8	10	154	220	2015	713	14	1979	7933
cohortA_36	165	128	2	3462	183	32	52	102	275	55	107	150	44	20	61	67	26	410	16	10	18	79	304	49	1355	2037	34	458	34	120	83	963	307	1061	48	89	69	128	208	318	186	10	6	155	304	4055	4308	50	2041	4915
cohortA_37	112	342	0	1137	235	185	37	68	200	102	119	66	19	51	218	197	33	357	18	12	16	60	136	46	563	1478	30	478	19	63	78	251	346	811	31	79	30	36	67	509	275	18	9	86	386	1353	1041	26	3545	5033
cohortA_38	71	136	1	2728	480	68	57	108	271	29	109	79	77	41	145	362	33	783	77	27	21	237	1079	14	451	1250	44	488	20	74	62	389	391	698	14	134	11	65	145	1071	360	1	4	93	132	889	3062	58	813	7248
cohortA_39	89	380	1	1890	80	144	87	113	420	58	205	100	31	42	51	61	64	270	48	12	23	62	635	59	392	3054	57	500	71	78	38	195	466	884	12	142	40	138	95	1409	91	13	12	305	389	499	2030	48	2089	7338
cohortA_40	110	867	2	4070	354	95	77	207	236	105	53	210	35	80	203	168	49	198	42	20	16	331	434	44	674	2619	31	549	70	119	118	280	545	971	27	154	12	50	140	612	205	7	3	171	250	613	1364	46	1705	2501
cohortB_01	3	39	2	184	181	13	25	110	56	34	106	3	30	15	41	50	2	105	77	6	34	50	26	134	203	1122	13	1790	4	9	1	91	521	199	12	763	33	41	26	16	117	9	9	567	20	431	5342	6	1356	2637
cohortB_02	1	22	0	237	217	57	55	154	47	40	36	9	26	22	124	106	29	206	57	4	41	97	33	61	184	2342	36	961	4	14	1	180	392	166	8	904	27	48	32	24	519	6	28	538	85	430	5809	13	1573	1833
cohortB_03	0	62	15	358	308	37	13	63	74	84	71	38	62	11	117	98	8	169	96	21	49	151	43	233	116	1317	10	1370	5	24	2	102	419	67	13	338	87	29	33	11	346	6	14	269	25	337	4722	41	2954	11971
cohortB_04	0	52	1	299	139	27	21	41	61	113	104	5	56	17	102	104	8	202	100	5	78	111	30	57	152	791	10	690	3	11	0	137	106	64	22	683	31	81	23	21	602	17	1	382	79	392	11892	10	3079	5341
cohortB_05	4	25	4	197	431	44	25	28	15	50	24	12	14	12	55	30	12	92	53	12	24	49	19	62	471	2052	14	483	4	45	1	57	197	31	4	354	14	34	24	12	220	6	8	118	66	130	1821	11	877	10146
cohortB_06	1	34	17	176	320	74	21	70	26	112	44	22	58	50	123	69	3	129	241	10	73	42	37	106	148	3756	16	436	7	25	0	121	215	134	18	708	43	115	71	48	508	2	15	477	43	732	3007	16	1855	9316
cohortB_07	1	36	2	210	312	26	21	114	42	18	111	15	17	22	22	27	8	216	141	3	39	48	15	19	247	1803	18	877	7	19	0	229	461	33	8	375	22	83	32	4	196	6	9	348	20	404	7262	14	1215	3069
cohortB_08	2	56	6	533	668	31	23	169	74	163	46	27	65	43	15	82	18	348	121	2	38	120	16	54	152	1929	20	1248	5	35	0	316	249	128	9	2660	86	174	32	23	200	7	18	1194	41	354	7747	27	2729	6864
cohortB_09	2	172	8	673	314	54	24	87	52	154	70	18	81	13	119	102	9	524	54	16	108	89	8	65	109	3462	39	711	8	9	1	133	254	58	9	346	31	130	16	65	147	4	13	607	31	188	2886	24	1676	5815
cohortB_10	6	112	1	425	196	42	25	187	18	86	269	64	27	22	30	62	18	411	74	12	34	66	31	111	415	3998	42	2304	4	36	0	64	135	84	10	1064	20	99	52	39	251	4	13	614	121	1410	2041	30	6711	2939
cohortB_11	4	34	5	226	196	30	26	51	20	84	36	15	53	21	43	92	13	246	104	8	42	67	12	41	69	1473	4	642	8	19	2	53	91	78	9	588	9	51	57	8	151	4	7	397	63	311	2809	29	713	5978
cohortB_12	7	73	13	264	400	32	13	80	15	86	311	25	74	24	31	47	12	85	241	6	42	122	19	134	56	1634	13	1156	14	19	2	332	106	31	8	399	24	116	78	12	319	5	13	715	59	428	3730	11	1038	10110
cohortB_13	2	56	6	271	296	56	43	114	20	27	54	19	26	51	26	124	26	225	57	22	40	64	16	43	282	3600	27	957	1	19	1	228	258	57	6	516	37	158	11	23	482	6	11	159	98	382	2543	37	1824	2484
cohortB_14	6	124	12	459	588	77	10	145	58	123	67	15	55	54	61	114	15	161	128	9	42	264	25	68	445	3410	33	1865	2	16	1	94	346	54	4	966	53	188	61	42	300	6	20	938	68	673	5672	26	3553	3893
cohortB_15	0	35	14	131	132	25	66	46	19	52	23	9	12	10	28	68	12	145	32	15	27	77	14	50	101	1464	25	1853	4	18	0	136	374	27	3	205	21	39	34	21	76	4	11	245	60	439	6628	4	5248	5527
cohortB_16	2	130	3	477	387	23	85	128	21	57	45	11	22	35	50	84	13	210	140	6	66	125	29	52	171	1733	26	1874	6	46	0	82	395	23	4	233	34	136	59	7	233	7	16	559	62	187	3414	9	1672	5735
cohortB_17	7	50	7	299	330	33	29	88	39	37	34	19	41	22	35	33	9	156	118	0	52	92	7	84	135	1674	40	627	2	12	0	138	66	68	3	493	22	87	35	22	74	7	6	651	25	633	4765	16	943	3773
cohortB_18	10	76	12	232	855	16	50	88	60	52	50	12	39	15	80	64	16	275	69	13	83	186	35	88	342	3156	31	616	5	35	1	138	288	73	9	1828	61	206	36	84	338	6	21	1003	64	371	3005	37	4824	7213
cohortB_19	3	133	0	143	502	55	28	66	124	123	40	21	18	37	25	103	17	410	122	6	30	57	26	106	284	2820	7	1574	6	12	2	116	268	108	11	741	121	130	91	8	243	7	8	1048	36	687	3989	15	2229	5565
cohortB_20	6	133	4	111	357	19	49	75	46	115	101	16	23	22	58	71	13	120	38	8	204	173	20	471	138	1538	24	1637	17	15	2	440	91	120	12	941	21	208	47	23	275	5	34	199	24	377	2534	11	2964	5768
cohortB_21	3	42	1	101	250	32	7	110	23	18	48	14	13	10	28	25	7	175	56	4	21	32	28	71	122	1457	1	761	3	15	0	196	133	31	6	1185	39	45	33	15	163	9	15	143	88	380	6036	25	1092	4384
cohortB_22	2	27	8	265	221	18	12	120	66	92	55	5	29	13	82	47	5	241	61	6	99	183	24	49	153	2189	24	788	10	31	0	103	235	178	9	562	69	54	15	17	774	11	6	239	29	452	3671	12	1764	5239
cohortB_23	5	56	7	748	235	28	31	51	50	105	86	22	58	9	78	87	13	108	32	9	31	159	9	76	98	3003	32	1633	7	32	0	171	333	93	11	1221	34	112	165	8	332	2	31	155	85	253	3489	24	3087	9410
cohortB_24	3	27	1	260	558	41	29	110	27	103	242	8	53	19	18	47	4	246	34	13	36	58	41	218	114	996	19	2226	5	35	2	51	318	33	5	691	25	86	41	24	227	19	24	503	69	423	3267	21	2322	4085
cohortB_25	1	27	4	239	370	12	43	150	26	104	45	10	30	20	33	52	4	223	54	4	23	89	16	24	141	501	21	2403	6	28	1	48	399	80	9	117	15	57	32	10	115	5	16	418	35	242	2900	21	1166	18663
cohortB_26	3	65	4	289	243	39	26	40	24	127	51	12	27	23	60	54	17	86	68	11	34	44	19	80	204	5269	16	1548	8	46	1	93	243	132	5	506	54	56	24	13	126	3	14	265	41	205	2768	21	3725	1492
cohortB_27	7	188	11	701	288	20	31	157	59	155	100	20	111	90	104	88	17	289	164	2	63	149	31	120	453	3319	23	2788	18	63	4	277	411	122	20	1118	103	86	83	45	313	6	13	648	93	1220	5274	97	2911	6919
cohortB_28	3	39	8	226	139	33	6	45	21	34	205	9	17	31	27	46	15	78	51	3	36	76	15	55	134	1125	12	784	0	18	0	162	274	37	15	810	23	100	10	6	136	5	20	413	23	196	3970	15	1993	4509
cohortB_29	9	48	3	100	226	10	43	75	34	35	40	22	25	8	38	56	17	259	82	7	47	38	33	61	255	2514	2	1130	1	7	1	103	458	76	13	446	26	55	17	21	125	1	3	222	89	317	5362	11	862	6675
cohortB_30	2	140	5	106	211	42	16	74	67	75	50	38	18	14	86	55	15	79	126	10	70	170	34	78	231	2224	9	2827	2	27	2	109	364	68	10	724	69	255	24	28	343	5	20	77	98	478	3608	25	3988	5138
cohortB_31	3	147	0	170	176	21	36	86	37	64	22	13	64	29	37	57	14	236	73	13	39	53	11	105	99	973	25	1013	0	24	1	207	247	96	9	781	36	51	29	24	79	5	17	240	74	421	6144	9	4236	4001
cohortB_32	2	48	9	438	467	33	45	137	63	63	92	27	27	32	48	64	8	142	59	6	75	81	20	30	368	2087	21	304	15	9	2	100	117	107	8	202	115	60	11	73	143	1	12	478	40	620	4416	56	2337	4386
cohortB_33	6	56	12	368	378	28	35	81	29	79	44	7	75	4	84	111	16	290	62	7	192	179	17	63	179	2040	57	1678	5	21	0	84	256	80	7	266	73	70	54	11	301	4	11	523	30	656	8567	15	1305	8328
cohortB_34	6	98	18	109	264	34	22	102	47	69	47	26	80	38	151	37	12	176	73	36	28	88	19	153	330	1210	14	1276	11	40	4	123	403	54	12	1403	26	65	32	26	146	9	17	400	50	303	4739	19	2063	5606
cohortB_35	3	39	8	432	163	41	16	222	105	94	83	13	33	28	100	96	11	177	26	12	208	59	15	35	171	4339	22	2432	4	25	5	265	158	115	8	402	58	50	43	44	132	11	16	544	54	493	3859	31	2496	3620
cohortB_36	4	66	12	384	381	45	56	150	101	140	81	5	54	43	67	45	11	247	101	16	135	58	11	167	261	1818	11	1052	11	21	2	76	321	132	24	930	25	46	63	44	144	12	11	1751	40	250	5761	10	1275	7266
cohortB_37	3	30	8	413	256	48	10	81	30	63	138	9	28	30	113	63	10	235	55	2	97	233	10	35	138	1410	10	1266	4	36	1	163	325	74	5	616	25	45	13	49	82	7	7	436	30	1100	4022	22	1244	3230
cohortB_38	3	93	3	588	847	102	26	76	120	75	103	60	53	23	86	138	19	175	123	18	116	141	32	192	359	2402	25	1298	3	29	2	271	247	221	6	657	70	248	33	44	983	7	15	647	105	368	4554	34	2160	11181
cohortB_39	7	140	5	524	279	35	23	300	91	76	127	29	36	14	65	56	11	716	88	6	43	184	5	79	442	2564	13	1766	12	32	0	149	621	66	17	602	74	146	52	28	238	9	13	623	121	530	2465	39	1219	9038
cohortB_40	10	70	6	278	246	62	37	113	75	25	76	19	39	15	68	97	10	722	56	2	50	219	14	66	197	4556	13	1761	17	24	0	166	862	95	5	1213	63	277	29	31	177	10	60	720	140	556	8164	27	1529	4561
cohortC_01	3	73	1	65	187	21	5	5	34	41	193	354	48	20	438	9	45	115	6	2	10	133	17	66	34	60	86	255	6	167	15	688	209	103	17	94	9	6	4	178	10	15	16	340	87	53	367	12	1102	12497
cohortC_02	6	107	1	302	181	5	47	3	84	117	463	1190	178	62	1274	16	42	147	31	15	37	150	13	206	135	159	80	434	7	324	12	388	345	111	38	533	160	12	4	569	51	29	25	970	266	60	221	22	1226	6879
cohortC_03	5	125	1	236	479	17	18	39	106	45	193	4914	106	53	882	19	48	371	28	26	61	410	28	142	43	306	100	373	10	1213	16	1920	379	548	23	659	180	24	14	409	196	20	37	281	280	73	898	26	2912	6968
cohortC_04	3	85	3	288	277	13	25	22	28	72	181	2794	47	22	822	9	163	267	25	29	130	350	30	172	67	581	96	293	10	461	30	354	291	88	48	358	31	9	7	201	70	13	45	409	73	96	499	26	2919	6782
cohortC_05	3	63	0	214	386	7	29	2	31	54	359	717	42	1	293	12	66	110	9	39	27	163	12	117	32	104	22	86	0	180	21	306	303	147	23	304	46	22	7	173	17	20	12	225	96	29	768	15	2785	6784
cohortC_06	3	101	9	168	480	28	24	30	131	33	268	2787	309	13	1159	15	106	387	40	51	70	690	32	163	123	860	82	737	16	671	23	958	1054	291	127	486	36	45	4	721	160	13	58	588	555	47	832	28	3833	5470
cohortC_07	0	92	6	62	250	10	29	19	78	37	239	914	66	32	800	8	56	239	12	20	85	188	17	227	120	314	59	307	13	429	18	855	626	260	9	436	28	25	3	121	75	40	39	962	90	86	342	20	2825	5168
cohortC_08	11	99	4	226	211	8	20	12	160	364	108	915	125	15	598	8	41	313	22	16	30	310	21	108	226	270	106	432	6	374	12	760	1087	101	34	640	39	41	11	316	97	19	27	706	191	78	457	25	1715	13422
cohortC_09	8	63	2	212	283	3	25	11	49	127	252	1302	98	3	688	8	70	195	18	20	31	474	22	138	73	171	22	156	32	153	7	757	258	187	39	563	44	63	2	383	49	10	60	1427	59	87	320	20	3662	9205
cohortC_10	9	69	8	179	223	26	24	16	28	43	364	1303	99	29	973	9	122	410	14	19	42	631	28	180	34	165	51	117	17	611	22	605	508	178	23	314	53	23	6	158	97	28	99	959	212	43	350	14	1582	9596
cohortC_11	33	89	6	261	371	9	72	37	35	188	346	1210	130	26	1263	12	70	1480	39	51	40	414	46	103	140	238	24	561	5	358	107	2104	777	232	34	294	57	66	4	309	226	10	52	502	277	44	675	30	2748	5599
cohortC_12	2	27	2	344	495	21	17	5	46	45	258	3546	67	42	399	16	42	210	31	34	33	433	19	175	21	110	30	110	7	267	6	716	189	261	12	301	60	17	2	180	64	17	23	376	51	17	675	53	3638	8047
cohortC_13	7	67	1	253	268	9	46	42	55	186	170	1012	112	26	954	17	111	134	64	23	21	164	17	138	38	205	91	252	6	149	65	671	563	138	22	436	25	44	4	654	67	37	56	996	143	123	865	59	2304	13203
cohortC_14	3	67	0	48	289	12	30	10	23	87	78	1830	30	14	222	5	56	58	18	5	19	302	10	92	54	329	46	282	4	105	8	459	662	108	5	571	40	20	2	122	50	11	37	489	204	54	635	30	1925	6580
cohortC_15	22	62	3	496	994	29	20	24	78	188	512	1278	151	59	191	32	151	328	88	31	53	924	84	297	179	231	73	292	20	412	65	1326	1839	710	45	403	75	46	7	928	139	25	45	409	331	16	992	40	4171	6195
cohortC_16	5	56	5	368	103	23	11	18	35	65	212	863	76	32	1093	16	89	120	14	19	71	314	40	88	125	79	53	374	17	340	18	243	434	162	60	328	45	28	6	698	110	17	18	321	188	63	335	13	2496	13380
cohortC_17	11	61	1	169	193	7	14	16	55	110	261	696	94	17	427	15	76	188	13	10	48	214	20	174	109	309	76	121	14	866	35	728	256	362	25	405	29	18	4	234	72	12	59	440	379	49	564	34	3297	12069
cohortC_18	8	90	3	122	587	14	24	10	52	57	200	2132	99	26	608	22	80	404	11	20	57	325	16	70	120	214	168	812	15	460	53	579	350	148	34	480	65	43	4	340	172	4	20	626	103	30	297	29	2766	10447
cohortC_19	3	150	1	250	382	29	32	12	48	149	226	1196	49	20	1133	8	67	186	28	20	17	243	52	113	60	84	16	203	10	191	18	639	987	120	10	424	27	31	5	233	162	37	41	222	80	59	1035	15	2331	11071
cohortC_20	14	108	12	339	493	28	31	18	124	288	467	1981	173	80	1574	13	188	688	32	56	83	230	18	848	175	619	153	875	12	916	45	1405	1099	505	29	237	113	62	9	453	202	16	84	2953	219	82	1022	34	3097	5629
cohortC_21	17	152	0	368	877	23	20	50	140	74	764	2307	98	40	1505	30	316	457	18	19	53	533	19	317	99	370	102	370	12	712	35	1772	938	442	26	386	128	37	24	524	128	17	83	694	145	46	1768	96	5322	7279
cohortC_22	7	92	11	502	757	9	34	13	26	72	308	285	148	20	215	8	54	394	5	42	32	383	34	64	20	64	78	113	10	661	23	1843	447	712	33	178	38	6	2	1044	44	14	31	925	110	71	558	15	3558	4354
cohortC_23	3	59	3	96	140	11	30	24	62	63	276	690	70	38	319	19	48	153	15	21	29	233	31	103	107	118	60	159	4	331	25	1253	98	80	39	317	48	20	8	558	25	8	20	763	183	67	341	16	2560	5787
cohortC_24	9	185	5	502	213	11	8	23	59	128	451	4348	114	34	876	7	135	306	20	24	13	371	88	143	96	523	63	369	7	354	6	1006	319	439	23	211	41	10	5	292	46	12	66	1066	224	43	361	48	2758	12567
cohortC_25	9	27	0	314	284	10	13	11	60	123	283	671	52	50	163	1	58	144	13	13	9	293	15	62	29	100	104	358	2	254	38	358	117	106	16	114	25	16	3	163	32	15	12	630	144	49	225	20	4098	8659
cohortC_26	7	63	3	302	485	27	16	11	130	108	155	1307	97	37	594	22	70	157	28	34	56	154	70	156	32	383	41	144	5	209	67	868	461	131	19	982	43	39	1	286	46	15	34	2565	269	53	1132	47	4399	8911
cohortC_27	8	43	0	83	141	6	27	19	73	45	247	2177	118	13	466	13	19	263	21	8	17	105	20	309	56	230	14	126	4	277	19	435	284	148	60	312	36	19	1	154	166	3	32	387	83	101	233	6	2356	7264
cohortC_28	2	85	13	324	321	8	32	13	20	148	160	1495	74	37	842	8	19	223	22	20	26	332	10	98	158	322	57	99	13	408	21	542	460	138	22	534	33	13	6	352	81	45	13	1328	167	63	512	61	2341	4453
cohortC_29	2	57	4	266	636	14	16	22	44	150	264	781	211	23	906	5	165	328	53	9	23	127	58	217	103	131	195	420	3	323	18	1178	532	598	18	563	56	39	12	352	157	42	24	1370	143	24	397	7	3363	4527
cohortC_30	11	76	10	405	223	17	10	22	65	36	297	620	91	31	825	7	64	350	24	42	71	342	52	625	183	221	24	661	10	678	18	826	362	119	86	327	93	31	9	348	73	5	19	1040	366	54	430	23	3048	7978
cohortC_31	10	53	2	266	289	11	77	10	52	49	488	1175	150	26	523	20	84	163	28	42	13	428	31	81	38	154	60	214	7	418	21	806	326	124	52	912	34	41	9	458	168	13	50	642	130	26	462	18	4393	5170
cohortC_32	9	55	9	196	158	10	49	38	55	78	318	2965	97	28	421	6	26	113	21	22	13	390	43	286	85	155	62	308	12	514	47	806	290	255	45	934	45	34	5	872	45	7	23	1287	101	61	640	20	1134	13544
cohortC_33	4	36	1	241	326	24	50	16	164	33	504	3188	146	28	263	16	13	455	31	29	52	369	41	81	29	412	50	268	8	499	21	624	330	305	28	265	83	36	3	150	35	18	43	308	77	62	174	16	3482	12611
cohortC_34	12	69	3	635	349	12	16	14	57	123	245	681	85	22	942	9	138	720	13	18	38	449	24	84	106	125	113	794	15	122	14	1333	429	393	30	332	76	46	3	249	122	12	17	797	92	91	324	12	2207	8500
cohortC_35	2	34	1	187	307	10	19	8	22	34	97	1789	60	8	1623	16	14	89	20	14	34	154	21	230	36	493	37	104	3	333	42	440	425	421	26	297	20	18	12	291	47	4	10	364	45	90	514	41	3424	8886
cohortC_36	4	114	2	209	308	19	42	19	49	40	539	1496	165	17	595	14	146	252	23	21	34	663	6	169	72	209	29	540	10	368	19	1580	392	151	27	311	29	27	5	299	117	19	40	584	156	141	2253	10	4486	7750
cohortC_37	14	123	2	196	596	17	44	17	79	67	316	1945	281	24	719	27	28	574	55	34	88	521	23	355	67	393	37	433	13	804	40	1170	666	265	56	1197	41	27	7	315	71	17	46	1939	259	116	854	26	7083	7523
cohortC_38	27	130	7	1133	424	19	38	49	93	127	502	3016	132	74	583	14	120	716	35	121	32	1058	37	154	41	399	58	274	22	519	59	509	928	881	44	263	93	61	23	411	211	21	90	896	106	77	1089	25	2688	8629
cohortC_39	6	75	2	230	305	13	34	33	82	45	128	1004	60	21	902	23	44	247	31	41	55	110	14	39	52	213	75	659	9	509	24	805	374	68	18	1444	25	61	4	135	103	4	17	844	133	38	256	25	1793	5455
cohortC_40	10	74	2	71	302	16	24	43	73	112	477	2825	63	26	422	2	55	334	62	18	34	288	22	81	129	228	52	214	24	316	23	452	236	163	58	92	51	10	5	308	94	22	42	733	288	28	1401	33	1354	13769
