n	target_delta_R2	E0	calibrated_delta_sig	power
142	0.0025	0.007092	0.66108	0.22
142	0.005	0.007092	0.85446	0.42
142	0.01	0.007092	1.29386	0.96
142	0.02	0.007092	1.79679	1.0
283	0.0025	0.003546	0.55663	0.35
283	0.005	0.003546	0.88782	0.93
283	0.01	0.003546	1.29886	1.0
283	0.02	0.003546	1.82492	1.0
566	0.0025	0.00177	0.66667	0.96
566	0.005	0.00177	0.89599	1.0
566	0.01	0.00177	1.29001	1.0
566	0.02	0.00177	1.8567	1.0
1132	0.0025	0.000884	0.65677	1.0
1132	0.005	0.000884	0.89831	1.0
1132	0.01	0.000884	1.28383	1.0
1132	0.02	0.000884	1.84075	1.0
